<?xml version="1.0" encoding="UTF-8"?><rss version="2.0"
	xmlns:content="http://purl.org/rss/1.0/modules/content/"
	xmlns:wfw="http://wellformedweb.org/CommentAPI/"
	xmlns:dc="http://purl.org/dc/elements/1.1/"
	xmlns:atom="http://www.w3.org/2005/Atom"
	xmlns:sy="http://purl.org/rss/1.0/modules/syndication/"
	xmlns:slash="http://purl.org/rss/1.0/modules/slash/"
	>

<channel>
	<title>Tommy Hilfigher &#8211; esercizioecommerce3</title>
	<atom:link href="http://localhost/esercizioecommerce3/categoria-prodotto/tommy-hilfigher/feed/?simply_static_page=87" rel="self" type="application/rss+xml" />
	<link>./../../../index.html</link>
	<description></description>
	<lastBuildDate>Wed, 22 Mar 2023 16:41:29 +0000</lastBuildDate>
	<language>it-IT</language>
	<sy:updatePeriod>
	hourly	</sy:updatePeriod>
	<sy:updateFrequency>
	1	</sy:updateFrequency>
	<generator>https://wordpress.org/?v=6.1.1</generator>
	<item>
		<title>Camicia Classica Tommy Hilfigher Bianca o Blu</title>
		<link>./../../../prodotto/camicia-classica-tommy-hilfigher-bianca-o-blu/index.html</link>
					<comments>./../../../prodotto/camicia-classica-tommy-hilfigher-bianca-o-blu/index.html#respond</comments>
		
		<dc:creator><![CDATA[enrico.brilla]]></dc:creator>
		<pubDate>Wed, 22 Mar 2023 15:28:00 +0000</pubDate>
				<guid isPermaLink="false">./../../../index.html?post_type=product#038;p=63</guid>

					<description><![CDATA[]]></description>
										<content:encoded><![CDATA[]]></content:encoded>
					
					<wfw:commentRss>./../../../prodotto/camicia-classica-tommy-hilfigher-bianca-o-blu/feed/index.html</wfw:commentRss>
			<slash:comments>0</slash:comments>
		
		
			</item>
		<item>
		<title>Camicia Tommy Hilfigher Nera</title>
		<link>./../../../prodotto/camicia-tommy-hilfigher-nera/index.html</link>
					<comments>./../../../prodotto/camicia-tommy-hilfigher-nera/index.html#respond</comments>
		
		<dc:creator><![CDATA[enrico.brilla]]></dc:creator>
		<pubDate>Wed, 22 Mar 2023 15:20:14 +0000</pubDate>
				<guid isPermaLink="false">./../../../index.html?post_type=product#038;p=52</guid>

					<description><![CDATA[]]></description>
										<content:encoded><![CDATA[]]></content:encoded>
					
					<wfw:commentRss>./../../../prodotto/camicia-tommy-hilfigher-nera/feed/index.html</wfw:commentRss>
			<slash:comments>0</slash:comments>
		
		
			</item>
	</channel>
</rss>
