<?xml version="1.0" encoding="UTF-8"?><rss version="2.0"
	xmlns:content="http://purl.org/rss/1.0/modules/content/"
	xmlns:dc="http://purl.org/dc/elements/1.1/"
	xmlns:atom="http://www.w3.org/2005/Atom"
	xmlns:sy="http://purl.org/rss/1.0/modules/syndication/"
	
	xmlns:georss="http://www.georss.org/georss"
	xmlns:geo="http://www.w3.org/2003/01/geo/wgs84_pos#"
	
	>
<channel>
	<title>
	Commenti a: Ciao mondo!	</title>
	<atom:link href="http://localhost/woocomercex/2023/03/21/ciao-mondo/feed/?simply_static_page=669" rel="self" type="application/rss+xml" />
	<link>./../index.html</link>
	<description></description>
	<lastBuildDate>Tue, 21 Mar 2023 10:11:14 +0000</lastBuildDate>
	<sy:updatePeriod>
	hourly	</sy:updatePeriod>
	<sy:updateFrequency>
	1	</sy:updateFrequency>
	<generator>https://wordpress.org/?v=6.1.1</generator>
	<item>
		<title>
		Di: Un commentatore di WordPress		</title>
		<link>./../index.html#comment-1</link>

		<dc:creator><![CDATA[Un commentatore di WordPress]]></dc:creator>
		<pubDate>Tue, 21 Mar 2023 10:11:14 +0000</pubDate>
		<guid isPermaLink="false">./../../../../../index.html?p=1#comment-1</guid>

					<description><![CDATA[Ciao, questo è un commento.
Per iniziare a moderare, modificare ed eliminare commenti, vai alla schermata dei commenti nella bacheca.
Gli avatar di chi lascia un commento sono forniti da &lt;a href=&quot;https://it.gravatar.com/&quot;&gt;Gravatar&lt;/a&gt;.]]></description>
			<content:encoded><![CDATA[<p>Ciao, questo è un commento.<br />
Per iniziare a moderare, modificare ed eliminare commenti, vai alla schermata dei commenti nella bacheca.<br />
Gli avatar di chi lascia un commento sono forniti da <a href="https://it.gravatar.com/">Gravatar</a>.</p>
]]></content:encoded>
		
			</item>
	</channel>
</rss>
