<?xml version="1.0" encoding="UTF-8"?><rss version="2.0"
	xmlns:content="http://purl.org/rss/1.0/modules/content/"
	xmlns:wfw="http://wellformedweb.org/CommentAPI/"
	xmlns:dc="http://purl.org/dc/elements/1.1/"
	xmlns:atom="http://www.w3.org/2005/Atom"
	xmlns:sy="http://purl.org/rss/1.0/modules/syndication/"
	xmlns:slash="http://purl.org/rss/1.0/modules/slash/"
	>

<channel>
	<title>Donna &#8211; ecommercex5</title>
	<atom:link href="http://localhost/ecommercex5/categoria-prodotto/donna/feed/?simply_static_page=115" rel="self" type="application/rss+xml" />
	<link>./../../../index.html</link>
	<description></description>
	<lastBuildDate>Thu, 23 Mar 2023 14:19:46 +0000</lastBuildDate>
	<language>it-IT</language>
	<sy:updatePeriod>
	hourly	</sy:updatePeriod>
	<sy:updateFrequency>
	1	</sy:updateFrequency>
	<generator>https://wordpress.org/?v=6.1.1</generator>
	<item>
		<title>Trench Cammello chiaro da Donna</title>
		<link>./../../../prodotto/trench-cammello-chiaro-da-donna/index.html</link>
					<comments>./../../../prodotto/trench-cammello-chiaro-da-donna/index.html#respond</comments>
		
		<dc:creator><![CDATA[enrico.brilla]]></dc:creator>
		<pubDate>Thu, 23 Mar 2023 14:17:33 +0000</pubDate>
				<guid isPermaLink="false">./../../../index.html?post_type=product#038;p=57</guid>

					<description><![CDATA[]]></description>
										<content:encoded><![CDATA[]]></content:encoded>
					
					<wfw:commentRss>./../../../prodotto/trench-cammello-chiaro-da-donna/feed/index.html</wfw:commentRss>
			<slash:comments>0</slash:comments>
		
		
			</item>
		<item>
		<title>Trench da Donna nero</title>
		<link>./../../../prodotto/trench-da-donna-nero/index.html</link>
					<comments>./../../../prodotto/trench-da-donna-nero/index.html#respond</comments>
		
		<dc:creator><![CDATA[enrico.brilla]]></dc:creator>
		<pubDate>Thu, 23 Mar 2023 14:15:05 +0000</pubDate>
				<guid isPermaLink="false">./../../../index.html?post_type=product#038;p=55</guid>

					<description><![CDATA[]]></description>
										<content:encoded><![CDATA[]]></content:encoded>
					
					<wfw:commentRss>./../../../prodotto/trench-da-donna-nero/feed/index.html</wfw:commentRss>
			<slash:comments>0</slash:comments>
		
		
			</item>
		<item>
		<title>Trench beige da Donna</title>
		<link>./../../../prodotto/trench-beige-da-donna/index.html</link>
					<comments>./../../../prodotto/trench-beige-da-donna/index.html#respond</comments>
		
		<dc:creator><![CDATA[enrico.brilla]]></dc:creator>
		<pubDate>Thu, 23 Mar 2023 14:13:03 +0000</pubDate>
				<guid isPermaLink="false">./../../../index.html?post_type=product#038;p=53</guid>

					<description><![CDATA[]]></description>
										<content:encoded><![CDATA[]]></content:encoded>
					
					<wfw:commentRss>./../../../prodotto/trench-beige-da-donna/feed/index.html</wfw:commentRss>
			<slash:comments>0</slash:comments>
		
		
			</item>
	</channel>
</rss>
