<?xml version="1.0" encoding="UTF-8"?><rss version="2.0"
	xmlns:content="http://purl.org/rss/1.0/modules/content/"
	xmlns:wfw="http://wellformedweb.org/CommentAPI/"
	xmlns:dc="http://purl.org/dc/elements/1.1/"
	xmlns:atom="http://www.w3.org/2005/Atom"
	xmlns:sy="http://purl.org/rss/1.0/modules/syndication/"
	xmlns:slash="http://purl.org/rss/1.0/modules/slash/"
	>

<channel>
	<title>Ralph Lauren &#8211; esercizioecommerce3</title>
	<atom:link href="http://localhost/esercizioecommerce3/categoria-prodotto/ralph-lauren/feed/?simply_static_page=80" rel="self" type="application/rss+xml" />
	<link>./../../../index.html</link>
	<description></description>
	<lastBuildDate>Wed, 22 Mar 2023 16:37:20 +0000</lastBuildDate>
	<language>it-IT</language>
	<sy:updatePeriod>
	hourly	</sy:updatePeriod>
	<sy:updateFrequency>
	1	</sy:updateFrequency>
	<generator>https://wordpress.org/?v=6.1.1</generator>
	<item>
		<title>Camicia Ralph Lauren Classica</title>
		<link>./../../../prodotto/camicia-ralph-lauren-classica/index.html</link>
					<comments>./../../../prodotto/camicia-ralph-lauren-classica/index.html#respond</comments>
		
		<dc:creator><![CDATA[enrico.brilla]]></dc:creator>
		<pubDate>Wed, 22 Mar 2023 15:43:33 +0000</pubDate>
				<guid isPermaLink="false">./../../../index.html?post_type=product#038;p=75</guid>

					<description><![CDATA[Ralph Lauren Polo, camicia da uomo modello Custom Fit, in popeline, colore bianco]]></description>
										<content:encoded><![CDATA[<h1 id="title" class="a-size-large a-spacing-none"><span id="productTitle" class="a-size-large product-title-word-break">Ralph Lauren Polo, camicia da uomo modello Custom Fit, in popeline, colore bianco</span></h1>
]]></content:encoded>
					
					<wfw:commentRss>./../../../prodotto/camicia-ralph-lauren-classica/feed/index.html</wfw:commentRss>
			<slash:comments>0</slash:comments>
		
		
			</item>
		<item>
		<title>Camicia Ralph Lauren Vintage</title>
		<link>./../../../prodotto/camicia-ralph-lauren-vintage/index.html</link>
					<comments>./../../../prodotto/camicia-ralph-lauren-vintage/index.html#respond</comments>
		
		<dc:creator><![CDATA[enrico.brilla]]></dc:creator>
		<pubDate>Wed, 22 Mar 2023 15:32:31 +0000</pubDate>
				<guid isPermaLink="false">./../../../index.html?post_type=product#038;p=69</guid>

					<description><![CDATA[]]></description>
										<content:encoded><![CDATA[]]></content:encoded>
					
					<wfw:commentRss>./../../../prodotto/camicia-ralph-lauren-vintage/feed/index.html</wfw:commentRss>
			<slash:comments>0</slash:comments>
		
		
			</item>
	</channel>
</rss>
