<?xml version="1.0" encoding="UTF-8"?><rss version="2.0"
	xmlns:content="http://purl.org/rss/1.0/modules/content/"
	xmlns:wfw="http://wellformedweb.org/CommentAPI/"
	xmlns:dc="http://purl.org/dc/elements/1.1/"
	xmlns:atom="http://www.w3.org/2005/Atom"
	xmlns:sy="http://purl.org/rss/1.0/modules/syndication/"
	xmlns:slash="http://purl.org/rss/1.0/modules/slash/"
	>

<channel>
	<title>epicode esercizio 2</title>
	<atom:link href="http://localhost/wordpressesercizio2/feed/?simply_static_page=28" rel="self" type="application/rss+xml" />
	<link></link>
	<description></description>
	<lastBuildDate>Wed, 01 Mar 2023 16:06:18 +0000</lastBuildDate>
	<language>it-IT</language>
	<sy:updatePeriod>
	hourly	</sy:updatePeriod>
	<sy:updateFrequency>
	1	</sy:updateFrequency>
	<generator>https://wordpress.org/?v=6.1.1</generator>

<image>
	<url>/wp-content/uploads/2021/12/favicon.png</url>
	<title>epicode esercizio 2</title>
	<link></link>
	<width>32</width>
	<height>32</height>
</image> 
	<item>
		<title>Funnel con i webinar: perché, come e quando ti sono utili</title>
		<link>/2021/07/18/in-viverra-faucibus-tellus-sed-cursus-quam-fringilla-sit-amet-5/</link>
					<comments>/2021/07/18/in-viverra-faucibus-tellus-sed-cursus-quam-fringilla-sit-amet-5/#respond</comments>
		
		<dc:creator><![CDATA[enrico.brilla]]></dc:creator>
		<pubDate>Sun, 18 Jul 2021 19:06:31 +0000</pubDate>
				<category><![CDATA[Funnel marketing]]></category>
		<guid isPermaLink="false">https://demo.athemes.com/botiga/?p=116</guid>

					<description><![CDATA[Come usare il funnel nel tuo lavoro e nel tuo business? Bando alle ciance. La teoria va bene, ma immagino ti interessi la pratica e tu ti stia chiedendo “Interessante, ma come lo uso nel mio lavoro e nel mio business? Quali sono le applicazioni pratiche di questo modello per la mia azienda e per i clienti che voglio raggiungere?” Ecco la risposta. Prima di tutto devi essere consapevole dell’esistenza di un funnel in qualche modo universale: nella maggior parte dei casi (almeno che tu non viva in un eremo senza contatti col mondo, che abbia un’azienda segreta, non presente [&#8230;]]]></description>
										<content:encoded><![CDATA[<div class="wp-block-post-date"><time datetime="2021-07-18T19:06:31+02:00">18 Luglio 2021</time></div>


<figure class="wp-block-image size-large"><img decoding="async" src="https://webinarpro.it/wp-content/uploads/2022/07/funnel-con-i-webinar.png.webp" alt=""/></figure>



<h2 class="wp-block-heading">Come usare il funnel nel tuo lavoro e nel tuo business?</h2>



<p>Bando alle ciance. La teoria va bene, ma immagino ti interessi la pratica e tu ti stia chiedendo “Interessante, ma come lo uso nel mio lavoro e nel mio business? Quali sono le applicazioni pratiche di questo modello per la mia azienda e per i clienti che voglio raggiungere?”</p>



<p>Ecco la risposta.</p>



<p>Prima di tutto devi essere consapevole dell’esistenza di un funnel in qualche modo universale: nella maggior parte dei casi (almeno che tu non viva in un eremo senza contatti col mondo, che abbia un’azienda segreta, non presente sul web e in nessuno dei database di aziende dell’universo),&nbsp; che tu lo sappia o meno, decine e decine di persone vengono a sapere che esisti quotidianamente. Alcune di loro approfondiranno la questione, altri si perderanno per strada.</p>



<p>È naturale. Se esisti come realtà commerciale, in questo minuto qualcuno è sul tuo sito, sui tuoi profili social, su qualche motore di ricerca e sta cercando informazioni relative alla tua storia, alla tua offerta, alle tue proposte. Ti mette ansia da prestazione, vero? Pensa a me che so che stai leggendo questo post e non so nemmeno chi sei! (A proposito, lascia un commento e dicci che esisti, così riduco gli ansiolitici!).</p>



<p>Se è vero che esiste un imbuto in qualche modo naturale, è anche vero che lo puoi convogliare a tuo piacimento. Come dire, puoi canalizzare l’acqua piovana (e grazie al cielo esiste), indirizzarla in un qualche canale (un tubo, una serie di tubi, ecc.) raccoglierla e usarla come e quando vuoi, quando ne hai bisogno.</p>



<p>Qui stai passando a un altro livello, alla differenza tra il&nbsp;<strong>traffico che non conosci e che non possiedi</strong>&nbsp;(quello implicito e fuori dal tuo controllo), al&nbsp;<strong>traffico che conosci e ma non possiedi</strong>&nbsp;(quello che indirizzi tramite alcune strategie nella direzione che tu preferisci) e quello che veicoli in modo strutturato verso i tuoi obiettivi, ossia il&nbsp;<strong>traffico sotto il tuo controllo</strong>, che tu spingi secondo i tuoi obiettivi aziendali e di business.</p>



<p>La differenza è che tu puoi costruire dei funnel specifici per attirare, interessare, coinvolgere i tuoi contatti e trasformarli in clienti. E questa è la potenza di questo modello: elaborare una sequenza razionale, controllabile e misurabile di azioni e contenuti che i tuoi contatti possono seguire per entrare nel tuo circuito commerciale.</p>



<div class="wp-block-columns alignwide is-layout-flex wp-container-5">
<div class="wp-block-column is-layout-flow"></div>



<div class="wp-block-column is-layout-flow"></div>
</div>



<p></p>



<h2 class="wp-block-heading">Tipi di funnel e quando utilizzarli</h2>



<p>Molte aziende, ad esempio, propongono strategie in cui l’intera azienda viene strutturata come un grande imbuto, un enorme sistema che raccoglie traffico, lo elabora, lo educa e lo trasforma in clienti. Ti può sembrare meccanicistico, e lo è in gran parte! <img src="https://s.w.org/images/core/emoji/14.0.0/72x72/1f642.png" alt="🙂" class="wp-smiley" style="height: 1em; max-height: 1em;" /></p>



<p>Una buona soluzione è affidarsi ai guru del funnel e uno di questi è sicuramente Russell Brunson, inventore di ClickFunnel (approfondiremo la sua storia e i suoi modelli in un’altra occasione).</p>



<p>In un articolo (che trovi qui sotto) comparso proprio sul suo sito e scritto da&nbsp;Mark Bangerter, vengono elencati i sette tipi principali di funnel e sono:</p>



<ol>
<li><strong>Optin Lead Capture Funnel</strong>. Usalo quando vuoi raccogliere contatti e indirizzi, offrendo un lead magnet come un pdf, un video, o altro.</li>



<li><strong>Sales Funnel</strong>. Specifico per favorire un processo di acquisto da parte del cliente e aiutarlo ad acquistare ancora.</li>



<li><strong>Webinar Funnel</strong>. Costruito sulla base di un webinar ed è quello che ci interessa maggiormente in questo articolo</li>



<li><strong>Auto Webinar Funnel</strong>. Come il precedente, ma basato su un webinar automatico (leggi qui di cosa si tratta:&nbsp;<a href="https://webinarpro.it/marketing-online/marketing-automation/">Webinar automatici: quando ti servono davvero e come si usano</a>)</li>



<li><strong>Membership Funnel</strong>. Costruito per favorire l’iscrizione a una membership con sottoscrizione (=pagamento) periodico</li>



<li><strong>Launch Funnel</strong>. Reso molto noto da Jeff Walker con il suo Pre Launch Formula, rappresenta uno dei più frequenti (“lascia la mail per vedere i tre video” ne è un esempio)</li>



<li><strong>Custom funnel</strong>, ossia quello che vuoi, come vuoi, quanto vuoi: quando mixi diversi modelli per integrare più funnel insieme.</li>
</ol>



<p>La scelta del modello più adatto alle tue esigenze dipende ovviamente dal tipo di prodotto e servizio che vuoi offrire, dalla tua presenza sul web, dalle tue competenze e conoscenze, e anche da quello con cui hai raggiunto in passato migliori risultati.</p>



<p>Ci sono delle ottime letture sul tema, che trovi nella nostra selezione nella parte dei&nbsp;<strong><a href="https://mondo.webinarpro.it/libri-consigliati/">libri consigliati del nostro store online</a></strong>.</p>



<h2 class="wp-block-heading">Posso usare i funnel per vendere?</h2>



<p>Chiudiamo questo primo articolo introduttivo con la domanda che ti stai ponendo e che riguarda proprio il tuo lavoro, il tuo business, i tuoi servizi e i tuoi prodotti.</p>



<p>La strategia che soggiace a questo approccio è applicabile a un numero enorme di tipologie di aziende, servizi, prodotti, proposte. Ossia tutte le volte in cui vuoi raccogliere contatti freschi, anche partendo da zero, vuoi coltivarli e vuoi che alla fine di un percorso non solo capiscano la tua offerta commerciale, ma la trovino eccezionale, unica, spettacolare. E da acquistare subito.</p>



<p>Quindi la risposta più probabile è: probabilmente si. Anzi, quasi sicuramente.</p>



<p>Lo puoi fare ad alcune condizioni:</p>



<ul>
<li>Vuoi acquisire nuovi contatti e gestirli in modo automatico, o semi-automatico</li>



<li>Devi poter adattare o modificare alcune pagine del tuo sito, oppure acquistare servizi che ti permettano di gestire un sottodominio</li>



<li>Devi poter modificare alcuni passaggi della tua comunicazione commerciale</li>
</ul>



<p>Se hai queste caratteristiche, allora sei sulla buona strada e il funnel può risolvere molti dei tuoi problemi.</p>



<p>Mentre rispondi a queste domande, scriviamo il livello più avanzato di questo post e ti promettiamo che a breve te lo faremo avere.</p>



<p>Se vuoi creare un tuo funnel con i webinar e non sai da dove iniziare, puoi contattarci in ogni momento per una breve consulenza senza impegno: siamo i tuoi alleati migliori per aiutarti a costruire un progetto concreto e guidarti nella sua realizzazione.</p>


<div class="wp-block-post-author"><div class="wp-block-post-author__avatar"><img alt='' src='http://0.gravatar.com/avatar/0e4928dcb2fcb5e3e62708fa8f02faae?s=48&#038;d=mm&#038;r=g' srcset='http://0.gravatar.com/avatar/0e4928dcb2fcb5e3e62708fa8f02faae?s=96&#038;d=mm&#038;r=g 2x' class='avatar avatar-48 photo' height='48' width='48' decoding='async'/></div><div class="wp-block-post-author__content"><p class="wp-block-post-author__name">enrico.brilla</p></div></div>]]></content:encoded>
					
					<wfw:commentRss>/2021/07/18/in-viverra-faucibus-tellus-sed-cursus-quam-fringilla-sit-amet-5/feed/</wfw:commentRss>
			<slash:comments>0</slash:comments>
		
		
			</item>
		<item>
		<title>Marketing Funnel: cos’è e come crearne uno efficace</title>
		<link>/2021/07/18/in-viverra-faucibus-tellus-sed-cursus-quam-fringilla-sit-amet-6/</link>
					<comments>/2021/07/18/in-viverra-faucibus-tellus-sed-cursus-quam-fringilla-sit-amet-6/#respond</comments>
		
		<dc:creator><![CDATA[enrico.brilla]]></dc:creator>
		<pubDate>Sun, 18 Jul 2021 19:06:31 +0000</pubDate>
				<category><![CDATA[Funnel marketing]]></category>
		<guid isPermaLink="false">https://demo.athemes.com/botiga/?p=115</guid>

					<description><![CDATA[Guida completa al Marketing Funnel, che consente alle imprese di attirare solo i clienti veramente interessati al prodotto o servizio offerto Marketing Funnel: cos’è Il Marketing Funnel (noto anche come&#160;Purchase Funnel,&#160;Sales Funnel&#160;o&#160;Buying Funnel) è un modello usato per descrivere e analizzare il&#160;percorso&#160;compiuto dal consumatore nel&#160;processo di acquisto&#160;di un prodotto o servizio (in gergo “path to purchase”). Tale percorso inizia nella fase in cui il consumatore prende consapevolezza dell’esistenza di un brand, prodotto o servizio e, tappa dopo tappa, arriva fino al momento dell’acquisto. Di vitale importanza, però, è anche lo step successivo, cioè quello in cui il cliente, se fidelizzato, [&#8230;]]]></description>
										<content:encoded><![CDATA[
<h2 class="wp-block-heading">Guida completa al Marketing Funnel, che consente alle imprese di attirare solo i clienti veramente interessati al prodotto o servizio offerto</h2>


<div class="wp-block-post-date"><time datetime="2021-07-18T19:06:31+02:00">18 Luglio 2021</time></div>


<figure class="wp-block-image size-large"><img decoding="async" src="https://wips.plug.it/cips/italiaonline.it/blog/cms/2020/03/marketing-funnel-1.jpg?w=750&amp;h=422&amp;a=c" alt=""/></figure>



<h2 class="wp-block-heading">Marketing Funnel: cos’è</h2>



<p>Il Marketing Funnel (noto anche come&nbsp;<strong>Purchase Funnel</strong>,&nbsp;<strong>Sales Funnel</strong>&nbsp;o&nbsp;<strong>Buying Funnel</strong>) è un modello usato per descrivere e analizzare il&nbsp;<strong>percorso</strong>&nbsp;compiuto dal consumatore nel&nbsp;<strong>processo di acquisto</strong>&nbsp;di un prodotto o servizio (in gergo “<strong>path to purchase</strong>”).</p>



<p>Tale percorso inizia nella fase in cui il consumatore prende consapevolezza dell’esistenza di un brand, prodotto o servizio e, tappa dopo tappa, arriva fino al momento dell’acquisto. Di vitale importanza, però, è anche lo step successivo, cioè quello in cui il cliente, se fidelizzato, può diventare fan, testimonial o brand ambassador.</p>



<p>La metafora dell’<strong>imbuto</strong>&nbsp;(in inglese “funnel”) è centrale in questo modello di marketing. Un consumatore si trova quotidianamente davanti a un’offerta variegata di numerosi brand a lui noti e procede a una progressiva scrematura fino alla scelta del prodotto o servizio che ritiene più idoneo.</p>



<p>Il numero di persone che escono da clienti dal&nbsp;<strong>funnel di vendita</strong>&nbsp;è, chiaramente, minore rispetto a quello di chi vi entra. Una buona strategia, però, consente di riuscire a far sì che il maggior numero di persone approdino al momento finale dell’acquisto e, aspetto ancor più importante, permette di intercettare solo i clienti veramente interessati.</p>



<div class="wp-block-columns alignwide is-layout-flex wp-container-8">
<div class="wp-block-column is-layout-flow">
<figure class="wp-block-image size-large"><img decoding="async" src="https://www.databranding.net/hubfs/marketing%20funnel%202.png" alt=""/></figure>
</div>



<div class="wp-block-column is-layout-flow">
<figure class="wp-block-image size-large is-resized"><img decoding="async" src="https://www.bluecorona.com/wp-content/uploads/2017/12/marketing-funnel-buyers-stages-1024x760.png" alt="" width="452" height="335"/></figure>
</div>
</div>



<h2 class="wp-block-heading">Marketing Funnel: come crearlo</h2>



<p>Le&nbsp;<strong>quattro macrofasi del modello tradizionale di Marketing Funnel</strong>&nbsp;sono:</p>



<ul>
<li><strong>awareness</strong>&nbsp;(consapevolezza);</li>



<li><strong>interest&nbsp;</strong>(interesse);</li>



<li><strong>consideration</strong>&nbsp;(considerazione);</li>



<li><strong>purchase&nbsp;</strong>(acquisto).</li>
</ul>



<p>A livello figurativo, la fase della consapevolezza si trova nella parte alta dell’imbuto (quella più larga). Scendendo, poi, si arriva fino all’acquisto (la fase che si trova nella parte più bassa e stretta del funnel).</p>



<p>La prima fase,&nbsp;<a href="https://www.italiaonline.it/risorse/cos-e-la-brand-awareness-e-come-migliorarla-400">awareness</a>, è quella in cui si manifesta l’influenza della pubblicità: il consumatore prende&nbsp;<strong>consapevolezza</strong>&nbsp;dell’esistenza di un brand, di un prodotto o di un servizio.</p>



<p>Nella seconda fase,&nbsp;<strong>interesse,&nbsp;</strong>il consumatore, dopo aver raccolto le informazioni di cui ha bisogno, inizia ad acquisire familiarità col possibile acquisto.</p>



<p>La fase in cui il consumatore pone in confronto il brand, prodotto o servizio con gli altri della sua categoria (sulla base di caratteristiche, costi e benefici) è quella nella quale inizia a prenderne in seria&nbsp;<strong>considerazione</strong>&nbsp;l’acquisto.</p>



<p>Infine, si approda al momento dell’<strong>acquisto</strong>, obiettivo fondamentale per ogni impresa.</p>



<p>Come già anticipato, a queste fasi è consigliabile aggiungere quella successiva della&nbsp;<strong>loyalty</strong>&nbsp;(<strong>fedeltà</strong>). Una volta completato l’acquisto, infatti, il consumatore verifica se le sue aspettative sono state soddisfatte; in caso affermativo, sarà propenso a comprare nuovamente da quel brand e a consigliarlo ad altre persone.</p>


<div class="wp-block-post-author"><div class="wp-block-post-author__avatar"><img alt='' src='http://0.gravatar.com/avatar/0e4928dcb2fcb5e3e62708fa8f02faae?s=48&#038;d=mm&#038;r=g' srcset='http://0.gravatar.com/avatar/0e4928dcb2fcb5e3e62708fa8f02faae?s=96&#038;d=mm&#038;r=g 2x' class='avatar avatar-48 photo' height='48' width='48' decoding='async'/></div><div class="wp-block-post-author__content"><p class="wp-block-post-author__name">enrico.brilla</p></div></div>]]></content:encoded>
					
					<wfw:commentRss>/2021/07/18/in-viverra-faucibus-tellus-sed-cursus-quam-fringilla-sit-amet-6/feed/</wfw:commentRss>
			<slash:comments>0</slash:comments>
		
		
			</item>
		<item>
		<title>Come cambia la SEO nella nuova era dell&#8217;intelligenza artificiale</title>
		<link>/2021/07/18/in-viverra-faucibus-tellus-sed-cursus-quam-fringilla-sit-amet-7/</link>
					<comments>/2021/07/18/in-viverra-faucibus-tellus-sed-cursus-quam-fringilla-sit-amet-7/#respond</comments>
		
		<dc:creator><![CDATA[enrico.brilla]]></dc:creator>
		<pubDate>Sun, 18 Jul 2021 19:06:31 +0000</pubDate>
				<category><![CDATA[SEO]]></category>
		<guid isPermaLink="false">https://demo.athemes.com/botiga/?p=114</guid>

					<description><![CDATA[Quale sarà l’impatto dei chatbot sulla ricerca, sul mondo SEO e sul business che gravita intorno alla SERP? Esaminiamo la questione, partendo da un presupposto: la nuova modalità di ricerca non andrà a sostituire quella che conosciamo, ma ci darà delle possibilità in più Google e Microsoft,&#160;attraverso le recenti presentazioni di&#160;Bard e Prometheus, hanno dimostrato di essere i principali protagonisti di quello che sembra essere il percorso verso&#160;una nuova esperienza di ricerca online. Un’esperienza che per l’utente potrebbe trasformarsi in un dialogo sotto forma di chat con un assistente virtuale che distilla i risultati in un’unica risposta e consente il&#160;perfezionamento [&#8230;]]]></description>
										<content:encoded><![CDATA[
<p>Quale sarà l’impatto dei chatbot sulla ricerca, sul mondo SEO e sul business che gravita intorno alla SERP? Esaminiamo la questione, partendo da un presupposto: la nuova modalità di ricerca non andrà a sostituire quella che conosciamo, ma ci darà delle possibilità in più</p>


<div class="wp-block-post-date"><time datetime="2021-07-18T19:06:31+02:00">18 Luglio 2021</time></div>


<figure class="wp-block-image size-large"><img decoding="async" src="https://imgcdn.agendadigitale.eu/wp-content/uploads/2019/04/10121701/seo_bg.jpg.webp" alt=""/></figure>



<p><strong>Google e Microsoft,</strong>&nbsp;attraverso le recenti presentazioni di&nbsp;<strong>Bard e Prometheus</strong>, hanno dimostrato di essere i principali protagonisti di quello che sembra essere il percorso verso&nbsp;<strong>una nuova esperienza di ricerca online</strong>. Un’esperienza che per l’utente potrebbe trasformarsi in un dialogo sotto forma di chat con un assistente virtuale che distilla i risultati in un’unica risposta e consente il&nbsp;<strong>perfezionamento della ricerca</strong>&nbsp;attraverso domande di follow-up.</p>



<p>Vorrei disambiguare subito la prima domanda che probabilmente nasce da questo concetto, anche perché diventa utile per capire meglio la natura di questi sistemi. Si tratta di qualcosa di molto simile all’attuale&nbsp;<a href="https://support.google.com/websearch/answer/9351707" target="_blank" rel="noreferrer noopener">risultato in primo piano di Google</a>? No, perché mentre il risultato in primo piano viene estratto dalla pagina di uno dei risultati che derivano dalla richiesta dell’utente,<strong>&nbsp;la risposta di questi chatbot viene prodotta da un modello di linguaggio&nbsp;</strong>(Language Model o LM) distillando le informazioni dei principali risultati della ricerca. Il cofano è simile, ma il motore è completamente diverso.</p>



<div class="wp-block-columns alignwide is-layout-flex wp-container-10">
<div class="wp-block-column is-layout-flow">
<figure class="wp-block-image size-large"><img decoding="async" src="https://imgcdn.agendadigitale.eu/wp-content/uploads/2020/01/20153140/intelligart-1536x626.jpg.webp" alt=""/></figure>
</div>
</div>


<div class="wp-block-post-author"><div class="wp-block-post-author__avatar"><img alt='' src='http://0.gravatar.com/avatar/0e4928dcb2fcb5e3e62708fa8f02faae?s=48&#038;d=mm&#038;r=g' srcset='http://0.gravatar.com/avatar/0e4928dcb2fcb5e3e62708fa8f02faae?s=96&#038;d=mm&#038;r=g 2x' class='avatar avatar-48 photo' height='48' width='48' decoding='async'/></div><div class="wp-block-post-author__content"><p class="wp-block-post-author__name">enrico.brilla</p></div></div>

	<div id="respond" class="comment-respond wp-block-post-comments-form">
		<h3 id="reply-title" class="comment-reply-title">Lascia un commento <small><a rel="nofollow" id="cancel-comment-reply-link" href="/wordpressesercizio2/feed/?simply_static_page=28#respond" style="display:none;">Annulla risposta</a></small></h3><form action="/wp-comments-post.php" method="post" id="commentform" class="comment-form" novalidate><p class="comment-notes"><span id="email-notes">Il tuo indirizzo email non sarà pubblicato.</span> <span class="required-field-message">I campi obbligatori sono contrassegnati <span class="required">*</span></span></p><p class="comment-form-comment"><label for="comment">Commento <span class="required">*</span></label> <textarea id="comment" name="comment" cols="45" rows="8" maxlength="65525" required></textarea></p><p class="comment-form-author"><label for="author">Nome <span class="required">*</span></label> <input id="author" name="author" type="text" value="" size="30" maxlength="245" autocomplete="name" required /></p>
<p class="comment-form-email"><label for="email">Email <span class="required">*</span></label> <input id="email" name="email" type="email" value="" size="30" maxlength="100" aria-describedby="email-notes" autocomplete="email" required /></p>
<p class="comment-form-url"><label for="url">Sito web</label> <input id="url" name="url" type="url" value="" size="30" maxlength="200" autocomplete="url" /></p>
<p class="comment-form-cookies-consent"><input id="wp-comment-cookies-consent" name="wp-comment-cookies-consent" type="checkbox" value="yes" /> <label for="wp-comment-cookies-consent">Do il mio consenso affinché un cookie salvi i miei dati (nome, email, sito web) per il prossimo commento.</label></p>
<p class="form-submit"><input name="submit" type="submit" id="submit" class="submit" value="Invia commento" /> <input type='hidden' name='comment_post_ID' value='114' id='comment_post_ID' />
<input type='hidden' name='comment_parent' id='comment_parent' value='0' />
</p></form>	</div><!-- #respond -->
	

]]></content:encoded>
					
					<wfw:commentRss>/2021/07/18/in-viverra-faucibus-tellus-sed-cursus-quam-fringilla-sit-amet-7/feed/</wfw:commentRss>
			<slash:comments>0</slash:comments>
		
		
			</item>
		<item>
		<title>Come impostare una strategia seo efficace</title>
		<link>/2021/07/18/in-viverra-faucibus-tellus-sed-cursus-quam-fringilla-sit-amet-8/</link>
					<comments>/2021/07/18/in-viverra-faucibus-tellus-sed-cursus-quam-fringilla-sit-amet-8/#respond</comments>
		
		<dc:creator><![CDATA[enrico.brilla]]></dc:creator>
		<pubDate>Sun, 18 Jul 2021 19:06:31 +0000</pubDate>
				<category><![CDATA[SEO]]></category>
		<guid isPermaLink="false">https://demo.athemes.com/botiga/?p=113</guid>

					<description><![CDATA[Perchè E’ Importante la Strategia SEO Tramite strategie SEO ben strutturate è possibile ottenere risultati importanti, arrivando in prima pagina nei risultati di ricerca (SERP) e aumentando così la notorietà del brand, gli utenti e il parco clienti dell’attività. Per ottenere il massimo dal tuo impegno e dal tuo lavoro di ottimizzazione, devi prima di tutto avere ben in mente ciò che andrai a fare ed i motivi per cui svilupperai ogni singolo punto del tuo programma: non basta, infatti, seguire una tabella di marcia per arrivare alla fine, ma occorre comprendere il perché di ogni singola scelta. Anzitutto, poni [&#8230;]]]></description>
										<content:encoded><![CDATA[
<h2 class="wp-block-heading">Perchè E’ Importante la Strategia SEO</h2>



<p>Tramite strategie SEO ben strutturate è possibile ottenere risultati importanti, arrivando in prima pagina nei risultati di ricerca (SERP) e aumentando così la notorietà del brand, gli utenti e il parco clienti dell’attività.</p>



<p>Per ottenere il massimo dal tuo impegno e dal tuo lavoro di ottimizzazione, devi prima di tutto avere ben in mente ciò che andrai a fare ed i motivi per cui svilupperai ogni singolo punto del tuo programma: non basta, infatti, seguire una tabella di marcia per arrivare alla fine, ma occorre comprendere il perché di ogni singola scelta.</p>



<p>Anzitutto, poni il tuo focus sul progetto, e chiediti:</p>



<ul>
<li>a che punto è (cioè, in quale fase si trova): se è un progetto che devi ancora far nascere o sviluppare, se è stato già sviluppato ma non è decollato, se è fermo da tempo, ecc. Infatti, essa cambierà a seconda della situazione in cui il sito si trova;</li>



<li>in quanto tempo pensi di ottenere il tuo obiettivo: questa è una domanda “trabocchetto”, se vogliamo, perché è molto importante non aspirare al tutto e subito, ma riconoscere che a seconda della situazione iniziale del sito, il tempo necessario per ottenere i risultati potrebbe variare e che comunque i risultati di un buon programma si vedono sicuramente con il tempo e a lungo termine.</li>
</ul>



<figure class="wp-block-image size-full"><img decoding="async" width="927" height="742" src="/wp-content/uploads/2023/03/how_to_track_seo_ranking_bb67c4e091.jpeg" alt="" class="wp-image-436" srcset="/wp-content/uploads/2023/03/how_to_track_seo_ranking_bb67c4e091.jpeg 927w, /wp-content/uploads/2023/03/how_to_track_seo_ranking_bb67c4e091-300x240.jpeg 300w, /wp-content/uploads/2023/03/how_to_track_seo_ranking_bb67c4e091-768x615.jpeg 768w, /wp-content/uploads/2023/03/how_to_track_seo_ranking_bb67c4e091-920x736.jpeg 920w, /wp-content/uploads/2023/03/how_to_track_seo_ranking_bb67c4e091-575x460.jpeg 575w, /wp-content/uploads/2023/03/how_to_track_seo_ranking_bb67c4e091-380x304.jpeg 380w, /wp-content/uploads/2023/03/how_to_track_seo_ranking_bb67c4e091-420x336.jpeg 420w, /wp-content/uploads/2023/03/how_to_track_seo_ranking_bb67c4e091-800x640.jpeg 800w" sizes="(max-width: 927px) 100vw, 927px" /></figure>



<h3 class="wp-block-heading"></h3>



<h3 class="wp-block-heading">Ricerca le keyword e analizza i competitor</h3>



<p>La lista delle parole chiave associate al prodotto, al servizio o al brand è una delle fasi più importanti da seguire, perché la keyword rappresenta sostanzialmente l’elemento di collegamento tra te e il target.</p>



<p>Quando un utente decide di cercare qualcosa che offri, probabilmente lo farà per mezzo di una parola chiave attinente al tuo settore: il tuo obiettivo, quindi, deve essere quello di capire quali keyword l’utente cercherà più frequentemente e creare dei contenuti targettizzati ed ottimizzati che si focalizzano su queste.</p>



<p>Le due tipologie di keyword che è bene utilizzare sono:</p>



<ul>
<li>quelle più generiche (general keyword): si tratta di parole chiave con grandi volumi di ricerca, alta concorrenza e con un tasso di conversione atteso più basso;</li>



<li>quelle più specifiche (longtail): sono delle parole chiave composte da più termini, che permettono di selezionare qualcosa di più specifico e quindi più rispondente ad un determinato tipo di visitatore. In genere, per questa tipologia si hanno volumi di ricerca più bassi, concorrenza più bassa e tasso di conversione maggiore.</li>
</ul>



<p>Analizzare i competitor è un altro punto fondamentale. È quindi importante verificare quali sono i principali competitor che si sono già posizionati sulle keyword che hai scelto, ed analizzare le loro pagine: questo servirà da spunto per i nostri contenuti. che potranno così soddisfare al meglio l’utente e il suo intento di ricerca (search intent).</p>



<p>Esistono anche diversi tool che aiutano molto in questa fase. Possiamo pensare, ad esempio, a Uber suggest oppure a SEOzoom.</p>



<div class="wp-block-columns alignwide is-layout-flex wp-container-13">
<div class="wp-block-column is-layout-flow">
<figure class="wp-block-image size-large"><img decoding="async" width="1024" height="463" src="/wp-content/uploads/2023/03/seozoom-crudo-1024x463.webp" alt="" class="wp-image-437" srcset="/wp-content/uploads/2023/03/seozoom-crudo-1024x463.webp 1024w, /wp-content/uploads/2023/03/seozoom-crudo-300x136.webp 300w, /wp-content/uploads/2023/03/seozoom-crudo-768x347.webp 768w, /wp-content/uploads/2023/03/seozoom-crudo-1140x515.webp 1140w, /wp-content/uploads/2023/03/seozoom-crudo-920x416.webp 920w, /wp-content/uploads/2023/03/seozoom-crudo-575x260.webp 575w, /wp-content/uploads/2023/03/seozoom-crudo-380x172.webp 380w, /wp-content/uploads/2023/03/seozoom-crudo-420x190.webp 420w, /wp-content/uploads/2023/03/seozoom-crudo-800x361.webp 800w, /wp-content/uploads/2023/03/seozoom-crudo.webp 1200w" sizes="(max-width: 1024px) 100vw, 1024px" /></figure>
</div>



<div class="wp-block-column is-layout-flow">
<figure class="wp-block-image size-full"><img decoding="async" width="700" height="420" src="/wp-content/uploads/2023/03/uber-crudo.webp" alt="" class="wp-image-438" srcset="/wp-content/uploads/2023/03/uber-crudo.webp 700w, /wp-content/uploads/2023/03/uber-crudo-300x180.webp 300w, /wp-content/uploads/2023/03/uber-crudo-575x345.webp 575w, /wp-content/uploads/2023/03/uber-crudo-380x228.webp 380w, /wp-content/uploads/2023/03/uber-crudo-420x252.webp 420w" sizes="(max-width: 700px) 100vw, 700px" /></figure>
</div>
</div>


<div class="wp-block-post-author"><div class="wp-block-post-author__avatar"><img alt='' src='http://0.gravatar.com/avatar/0e4928dcb2fcb5e3e62708fa8f02faae?s=48&#038;d=mm&#038;r=g' srcset='http://0.gravatar.com/avatar/0e4928dcb2fcb5e3e62708fa8f02faae?s=96&#038;d=mm&#038;r=g 2x' class='avatar avatar-48 photo' height='48' width='48' decoding='async'/></div><div class="wp-block-post-author__content"><p class="wp-block-post-author__name">enrico.brilla</p></div></div>]]></content:encoded>
					
					<wfw:commentRss>/2021/07/18/in-viverra-faucibus-tellus-sed-cursus-quam-fringilla-sit-amet-8/feed/</wfw:commentRss>
			<slash:comments>0</slash:comments>
		
		
			</item>
	</channel>
</rss>
