<?xml version="1.0" encoding="UTF-8"?><rss version="2.0"
	xmlns:content="http://purl.org/rss/1.0/modules/content/"
	xmlns:wfw="http://wellformedweb.org/CommentAPI/"
	xmlns:dc="http://purl.org/dc/elements/1.1/"
	xmlns:atom="http://www.w3.org/2005/Atom"
	xmlns:sy="http://purl.org/rss/1.0/modules/syndication/"
	xmlns:slash="http://purl.org/rss/1.0/modules/slash/"
	>

<channel>
	<title>Brooks Brothers &#8211; esercizioecommerce3</title>
	<atom:link href="http://localhost/esercizioecommerce3/categoria-prodotto/brooks-brothers/feed/?simply_static_page=96" rel="self" type="application/rss+xml" />
	<link>./../../../index.html</link>
	<description></description>
	<lastBuildDate>Wed, 22 Mar 2023 15:51:21 +0000</lastBuildDate>
	<language>it-IT</language>
	<sy:updatePeriod>
	hourly	</sy:updatePeriod>
	<sy:updateFrequency>
	1	</sy:updateFrequency>
	<generator>https://wordpress.org/?v=6.1.1</generator>
	<item>
		<title>Camicia brooks brothers Vintage</title>
		<link>./../../../prodotto/camicia-brooks-brothers-vintage/index.html</link>
					<comments>./../../../prodotto/camicia-brooks-brothers-vintage/index.html#respond</comments>
		
		<dc:creator><![CDATA[enrico.brilla]]></dc:creator>
		<pubDate>Wed, 22 Mar 2023 15:50:32 +0000</pubDate>
				<guid isPermaLink="false">./../../../index.html?post_type=product#038;p=79</guid>

					<description><![CDATA[Second hand Camicia]]></description>
										<content:encoded><![CDATA[<h1 class="_0Qm8W1 mt1kvu FxZV-M pVrzNP _6EcV2W _2MyPg2">Second hand <span class="EKabf7 R_QwOV">Camicia</span></h1>
]]></content:encoded>
					
					<wfw:commentRss>./../../../prodotto/camicia-brooks-brothers-vintage/feed/index.html</wfw:commentRss>
			<slash:comments>0</slash:comments>
		
		
			</item>
		<item>
		<title>Camicia brooks brothers classica</title>
		<link>./../../../prodotto/camicia-brooks-brothers-classica/index.html</link>
					<comments>./../../../prodotto/camicia-brooks-brothers-classica/index.html#respond</comments>
		
		<dc:creator><![CDATA[enrico.brilla]]></dc:creator>
		<pubDate>Wed, 22 Mar 2023 15:47:57 +0000</pubDate>
				<guid isPermaLink="false">./../../../index.html?post_type=product#038;p=77</guid>

					<description><![CDATA[REGULAR FIT NON IRON SPORT &#8211; Camicia]]></description>
										<content:encoded><![CDATA[<h1 class="_0Qm8W1 mt1kvu FxZV-M pVrzNP _6EcV2W _2MyPg2"><span class="EKabf7 R_QwOV">REGULAR FIT NON IRON SPORT &#8211; Camicia</span></h1>
]]></content:encoded>
					
					<wfw:commentRss>./../../../prodotto/camicia-brooks-brothers-classica/feed/index.html</wfw:commentRss>
			<slash:comments>0</slash:comments>
		
		
			</item>
	</channel>
</rss>
