<?xml version="1.0" encoding="UTF-8"?><rss version="2.0"
	xmlns:content="http://purl.org/rss/1.0/modules/content/"
	xmlns:wfw="http://wellformedweb.org/CommentAPI/"
	xmlns:dc="http://purl.org/dc/elements/1.1/"
	xmlns:atom="http://www.w3.org/2005/Atom"
	xmlns:sy="http://purl.org/rss/1.0/modules/syndication/"
	xmlns:slash="http://purl.org/rss/1.0/modules/slash/"
	
	xmlns:georss="http://www.georss.org/georss"
	xmlns:geo="http://www.w3.org/2003/01/geo/wgs84_pos#"
	>

<channel>
	<title>Rolex</title>
	<atom:link href="http://localhost/woocomercex/categoria-prodotto/rolex/feed/?simply_static_page=610" rel="self" type="application/rss+xml" />
	<link>./../../../index.html</link>
	<description></description>
	<lastBuildDate>Tue, 21 Mar 2023 13:42:01 +0000</lastBuildDate>
	<language>it-IT</language>
	<sy:updatePeriod>
	hourly	</sy:updatePeriod>
	<sy:updateFrequency>
	1	</sy:updateFrequency>
	<generator>https://wordpress.org/?v=6.1.1</generator>
	<item>
		<title>Rolex Oyster perpetual</title>
		<link>./../../../prodotto/rolex-oyster-perpetual/index.html</link>
					<comments>./../../../prodotto/rolex-oyster-perpetual/index.html#respond</comments>
		
		<dc:creator><![CDATA[enrico.brilla]]></dc:creator>
		<pubDate>Tue, 21 Mar 2023 10:43:27 +0000</pubDate>
				<guid isPermaLink="false">./../../../index.html?post_type=product#038;p=32</guid>

					<description><![CDATA[Grazie alla loro estetica, i modelli Oyster Perpetual sono simboli unici di uno stile classico e universale. Incarnano la forma e la funzionalità senza tempo, profondamente ancorate nella tradizione pionieristica di Rolex.]]></description>
										<content:encoded><![CDATA[Grazie alla loro estetica, i modelli Oyster Perpetual sono simboli unici di uno stile classico e universale. Incarnano la forma e la funzionalità senza tempo, profondamente ancorate nella tradizione pionieristica di Rolex.]]></content:encoded>
					
					<wfw:commentRss>./../../../prodotto/rolex-oyster-perpetual/feed/index.html</wfw:commentRss>
			<slash:comments>0</slash:comments>
		
		
			</item>
		<item>
		<title>Rolex Submariner</title>
		<link>./../../../prodotto/dnk-black-shoes/index.html</link>
					<comments>./../../../prodotto/dnk-black-shoes/index.html#respond</comments>
		
		<dc:creator><![CDATA[enrico.brilla]]></dc:creator>
		<pubDate>Thu, 21 Dec 2017 03:45:24 +0000</pubDate>
				<guid isPermaLink="false">./../../../prodotto/dnk-black-shoes/index.html</guid>

					<description><![CDATA[Presenta una lunetta girevole unidirezionale e un bracciale Oyster a maglie massicce. Il Submariner e il Submariner Date di ultima generazione portano avanti la tradizione inaugurata dallo storico modello del 1953. Il Submariner ha costituito una svolta storica nel mondo dell’orologeria, diventando l’archetipo degli orologi subacquei.]]></description>
										<content:encoded><![CDATA[		<div data-elementor-type="wp-post" data-elementor-id="375" class="elementor elementor-375">
									<section class="elementor-section elementor-top-section elementor-element elementor-element-4126f15 elementor-section-stretched elementor-section-boxed elementor-section-height-default elementor-section-height-default" data-id="4126f15" data-element_type="section" data-settings="{&quot;stretch_section&quot;:&quot;section-stretched&quot;}">
						<div class="elementor-container elementor-column-gap-no">
					<div class="elementor-column elementor-col-100 elementor-top-column elementor-element elementor-element-4123276" data-id="4123276" data-element_type="column">
			<div class="elementor-widget-wrap elementor-element-populated">
								<section class="elementor-section elementor-inner-section elementor-element elementor-element-2361fc4 elementor-section-boxed elementor-section-height-default elementor-section-height-default" data-id="2361fc4" data-element_type="section">
						<div class="elementor-container elementor-column-gap-no">
					<div class="elementor-column elementor-col-100 elementor-inner-column elementor-element elementor-element-31858ca" data-id="31858ca" data-element_type="column">
			<div class="elementor-widget-wrap elementor-element-populated">
								<div class="elementor-element elementor-element-934ee30 elementor-widget elementor-widget-heading" data-id="934ee30" data-element_type="widget" data-widget_type="heading.default">
				<div class="elementor-widget-container">
			<style>/*! elementor - v3.11.5 - 14-03-2023 */
.elementor-heading-title{padding:0;margin:0;line-height:1}.elementor-widget-heading .elementor-heading-title[class*=elementor-size-]>a{color:inherit;font-size:inherit;line-height:inherit}.elementor-widget-heading .elementor-heading-title.elementor-size-small{font-size:15px}.elementor-widget-heading .elementor-heading-title.elementor-size-medium{font-size:19px}.elementor-widget-heading .elementor-heading-title.elementor-size-large{font-size:29px}.elementor-widget-heading .elementor-heading-title.elementor-size-xl{font-size:39px}.elementor-widget-heading .elementor-heading-title.elementor-size-xxl{font-size:59px}</style><h3 class="elementor-heading-title elementor-size-default">Product description</h3>		</div>
				</div>
				<div class="elementor-element elementor-element-4a02e7d elementor-widget elementor-widget-text-editor" data-id="4a02e7d" data-element_type="widget" data-widget_type="text-editor.default">
				<div class="elementor-widget-container">
			<style>/*! elementor - v3.11.5 - 14-03-2023 */
.elementor-widget-text-editor.elementor-drop-cap-view-stacked .elementor-drop-cap{background-color:#818a91;color:#fff}.elementor-widget-text-editor.elementor-drop-cap-view-framed .elementor-drop-cap{color:#818a91;border:3px solid;background-color:transparent}.elementor-widget-text-editor:not(.elementor-drop-cap-view-default) .elementor-drop-cap{margin-top:8px}.elementor-widget-text-editor:not(.elementor-drop-cap-view-default) .elementor-drop-cap-letter{width:1em;height:1em}.elementor-widget-text-editor .elementor-drop-cap{float:left;text-align:center;line-height:1;font-size:50px}.elementor-widget-text-editor .elementor-drop-cap-letter{display:inline-block}</style>				<p>Since it&#8217;s creation lorem ipsum dolor sit amet, consectetur adipisicing elit, sed do eiusmod tempor incididunt ut labore et dolore magna aliqua. Ut enim ad minim veniam, quis nostrud exercitation ullamco laboris nisi ut aliquip ex ea commodo consequat. Duis aute irure dolor in reprehenderit in voluptate velit esse cillum dolore eu fugiat nulla pariatur. Excepteur sint occaecat cupidatat non proident, sunt in culpa qui officia deserunt mollit anim id est laborum.</p>						</div>
				</div>
				<div class="elementor-element elementor-element-8d08aea elementor-widget elementor-widget-text-editor" data-id="8d08aea" data-element_type="widget" data-widget_type="text-editor.default">
				<div class="elementor-widget-container">
							<p>Duis aute irure dolor in reprehenderit in voluptate velit esse cillum dolore eu fugiat nulla pariatur. Excepteur sint occaecat cupidatat non proident.</p>						</div>
				</div>
					</div>
		</div>
							</div>
		</section>
				<section class="elementor-section elementor-inner-section elementor-element elementor-element-56f4d72 elementor-section-boxed elementor-section-height-default elementor-section-height-default" data-id="56f4d72" data-element_type="section">
						<div class="elementor-container elementor-column-gap-no">
					<div class="elementor-column elementor-col-50 elementor-inner-column elementor-element elementor-element-18e9ad8" data-id="18e9ad8" data-element_type="column">
			<div class="elementor-widget-wrap elementor-element-populated">
								<div class="elementor-element elementor-element-e5b4075 elementor-widget elementor-widget-image" data-id="e5b4075" data-element_type="widget" data-widget_type="image.default">
				<div class="elementor-widget-container">
			<style>/*! elementor - v3.11.5 - 14-03-2023 */
.elementor-widget-image{text-align:center}.elementor-widget-image a{display:inline-block}.elementor-widget-image a img[src$=".svg"]{width:48px}.elementor-widget-image img{vertical-align:middle;display:inline-block}</style>												<img decoding="async" width="600" height="600" src="./../../../wp-content/uploads/2017/12/product-about-01.jpg" class="attachment-full size-full wp-image-4132" alt="" srcset="./../../../wp-content/uploads/2017/12/product-about-01.jpg 600w, ./../../../wp-content/uploads/2017/12/product-about-01-420x420.jpg 420w, ./../../../wp-content/uploads/2017/12/product-about-01-100x100.jpg 100w" sizes="(max-width: 600px) 100vw, 600px" />															</div>
				</div>
					</div>
		</div>
				<div class="elementor-column elementor-col-50 elementor-inner-column elementor-element elementor-element-faf7660" data-id="faf7660" data-element_type="column">
			<div class="elementor-widget-wrap elementor-element-populated">
								<div class="elementor-element elementor-element-a4405b7 elementor-widget elementor-widget-image" data-id="a4405b7" data-element_type="widget" data-widget_type="image.default">
				<div class="elementor-widget-container">
															<img decoding="async" width="600" height="600" src="./../../../wp-content/uploads/2017/12/product-about-04.jpg" class="attachment-full size-full wp-image-4135" alt="" srcset="./../../../wp-content/uploads/2017/12/product-about-04.jpg 600w, ./../../../wp-content/uploads/2017/12/product-about-04-420x420.jpg 420w, ./../../../wp-content/uploads/2017/12/product-about-04-100x100.jpg 100w" sizes="(max-width: 600px) 100vw, 600px" />															</div>
				</div>
					</div>
		</div>
							</div>
		</section>
				<section class="elementor-section elementor-inner-section elementor-element elementor-element-69219c6 elementor-section-content-middle elementor-reverse-mobile elementor-section-boxed elementor-section-height-default elementor-section-height-default" data-id="69219c6" data-element_type="section">
						<div class="elementor-container elementor-column-gap-no">
					<div class="elementor-column elementor-col-50 elementor-inner-column elementor-element elementor-element-4ec5850" data-id="4ec5850" data-element_type="column" data-settings="{&quot;background_background&quot;:&quot;classic&quot;}">
			<div class="elementor-widget-wrap elementor-element-populated">
								<div class="elementor-element elementor-element-6158728 elementor-widget elementor-widget-spacer" data-id="6158728" data-element_type="widget" data-widget_type="spacer.default">
				<div class="elementor-widget-container">
			<style>/*! elementor - v3.11.5 - 14-03-2023 */
.elementor-column .elementor-spacer-inner{height:var(--spacer-size)}.e-con{--container-widget-width:100%}.e-con-inner>.elementor-widget-spacer,.e-con>.elementor-widget-spacer{width:var(--container-widget-width,var(--spacer-size));--align-self:var(--container-widget-align-self,initial);--flex-shrink:0}.e-con-inner>.elementor-widget-spacer>.elementor-widget-container,.e-con-inner>.elementor-widget-spacer>.elementor-widget-container>.elementor-spacer,.e-con>.elementor-widget-spacer>.elementor-widget-container,.e-con>.elementor-widget-spacer>.elementor-widget-container>.elementor-spacer{height:100%}.e-con-inner>.elementor-widget-spacer>.elementor-widget-container>.elementor-spacer>.elementor-spacer-inner,.e-con>.elementor-widget-spacer>.elementor-widget-container>.elementor-spacer>.elementor-spacer-inner{height:var(--container-widget-height,var(--spacer-size))}</style>		<div class="elementor-spacer">
			<div class="elementor-spacer-inner"></div>
		</div>
				</div>
				</div>
					</div>
		</div>
				<div class="elementor-column elementor-col-50 elementor-inner-column elementor-element elementor-element-e3f9659" data-id="e3f9659" data-element_type="column" data-settings="{&quot;background_background&quot;:&quot;classic&quot;}">
			<div class="elementor-widget-wrap elementor-element-populated">
								<div class="elementor-element elementor-element-b937187 elementor-widget elementor-widget-heading" data-id="b937187" data-element_type="widget" data-widget_type="heading.default">
				<div class="elementor-widget-container">
			<h5 class="elementor-heading-title elementor-size-default">Ut enim ad minim</h5>		</div>
				</div>
				<div class="elementor-element elementor-element-b9b711c elementor-widget elementor-widget-text-editor" data-id="b9b711c" data-element_type="widget" data-widget_type="text-editor.default">
				<div class="elementor-widget-container">
							<p>Lorem ipsum dolor sit amet, consectetur adipisicing elit, sed do eiusmod tempor incididunt.</p>						</div>
				</div>
				<div class="elementor-element elementor-element-b08f536 elementor-widget elementor-widget-heading" data-id="b08f536" data-element_type="widget" data-widget_type="heading.default">
				<div class="elementor-widget-container">
			<h5 class="elementor-heading-title elementor-size-default">Quis nostrud</h5>		</div>
				</div>
				<div class="elementor-element elementor-element-063f721 elementor-widget elementor-widget-text-editor" data-id="063f721" data-element_type="widget" data-widget_type="text-editor.default">
				<div class="elementor-widget-container">
							<p>Sed do eiusmod tempor incididunt ut labore.</p>						</div>
				</div>
				<div class="elementor-element elementor-element-2b66733 elementor-widget elementor-widget-heading" data-id="2b66733" data-element_type="widget" data-widget_type="heading.default">
				<div class="elementor-widget-container">
			<h5 class="elementor-heading-title elementor-size-default">Duis aute irure</h5>		</div>
				</div>
				<div class="elementor-element elementor-element-2b69440 elementor-widget elementor-widget-text-editor" data-id="2b69440" data-element_type="widget" data-widget_type="text-editor.default">
				<div class="elementor-widget-container">
							<p>Dolor sit amet, consectetur adipisicing elit, sed do eiusmod tempor incididunt ut labore.</p>						</div>
				</div>
					</div>
		</div>
							</div>
		</section>
				<section class="elementor-section elementor-inner-section elementor-element elementor-element-c5efcb8 elementor-section-content-middle elementor-section-boxed elementor-section-height-default elementor-section-height-default" data-id="c5efcb8" data-element_type="section">
						<div class="elementor-container elementor-column-gap-no">
					<div class="elementor-column elementor-col-50 elementor-inner-column elementor-element elementor-element-075d53d" data-id="075d53d" data-element_type="column" data-settings="{&quot;background_background&quot;:&quot;classic&quot;}">
			<div class="elementor-widget-wrap elementor-element-populated">
								<div class="elementor-element elementor-element-afe6c4d elementor-widget elementor-widget-heading" data-id="afe6c4d" data-element_type="widget" data-widget_type="heading.default">
				<div class="elementor-widget-container">
			<h4 class="elementor-heading-title elementor-size-default">More about the product</h4>		</div>
				</div>
				<div class="elementor-element elementor-element-3cd84d3 elementor-widget elementor-widget-text-editor" data-id="3cd84d3" data-element_type="widget" data-widget_type="text-editor.default">
				<div class="elementor-widget-container">
							<p>Lorem ipsum dolor sit amet, consectetur adipisicing elit, sed do eiusmod tempor incididunt ut labore et dolore magna aliqua. Ut enim ad minim veniam, quis nostrud exercitation ullamco laboris nisi ut aliquip ex ea commodo consequat. Duis aute irure dolor in.</p>						</div>
				</div>
					</div>
		</div>
				<div class="elementor-column elementor-col-50 elementor-inner-column elementor-element elementor-element-5175a6f" data-id="5175a6f" data-element_type="column" data-settings="{&quot;background_background&quot;:&quot;classic&quot;}">
			<div class="elementor-widget-wrap elementor-element-populated">
								<div class="elementor-element elementor-element-45a00c5 elementor-widget elementor-widget-spacer" data-id="45a00c5" data-element_type="widget" data-widget_type="spacer.default">
				<div class="elementor-widget-container">
					<div class="elementor-spacer">
			<div class="elementor-spacer-inner"></div>
		</div>
				</div>
				</div>
					</div>
		</div>
							</div>
		</section>
					</div>
		</div>
							</div>
		</section>
							</div>
		]]></content:encoded>
					
					<wfw:commentRss>./../../../prodotto/dnk-black-shoes/feed/index.html</wfw:commentRss>
			<slash:comments>0</slash:comments>
		
		
			</item>
		<item>
		<title>Rolex submariner gold blue</title>
		<link>./../../../prodotto/dnk-yellow-shoes/index.html</link>
					<comments>./../../../prodotto/dnk-yellow-shoes/index.html#respond</comments>
		
		<dc:creator><![CDATA[enrico.brilla]]></dc:creator>
		<pubDate>Thu, 21 Dec 2017 03:37:29 +0000</pubDate>
				<guid isPermaLink="false">./../../../prodotto/dnk-yellow-shoes/index.html</guid>

					<description><![CDATA[<div>
<div id="text_982d9e3eb996f559e633f4d194def3761d909f5a3b647d1a851fead67c32c9d1" class="sc-fzomuh MQoXr">
<p class="sc-fznMnq biVOqy">Presentato nel 1953, il Submariner è il primo orologio da polso subacqueo impermeabile fino a 100 metri di profondità. Questo modello rappresenta un eccezionale progresso tecnico in termini di impermeabilità, la seconda rivoluzione in quest’ambito dopo la creazione dell’Oyster, il primo orologio da polso impermeabile della storia, nel 1926. Il Submariner ha costituito una svolta storica nel mondo dell’orologeria, diventando l’archetipo degli orologi subacquei. Oggi il Submariner è impermeabile fino a una profondità di 300 metri.</p>

</div>
</div>
<aside>
<div>
<div id="OTW_globalContainer_m124060-0001_127"></div>
</div>
</aside>
<figure><picture><source srcset="https://content.rolex.com/dam/watches/watch-on-time-v3/m124060-0001/landscape_big.jpg" media="(min-width: 768px)" /><source srcset="https://content.rolex.com/dam/watches/watch-on-time-v3/m124060-0001/portrait_big.jpg?imwidth=750" media="(max-width: 767px)" /></picture></figure>]]></description>
										<content:encoded><![CDATA[		<div data-elementor-type="wp-post" data-elementor-id="362" class="elementor elementor-362">
									<section class="elementor-section elementor-top-section elementor-element elementor-element-49918af elementor-section-stretched elementor-section-boxed elementor-section-height-default elementor-section-height-default" data-id="49918af" data-element_type="section" data-settings="{&quot;stretch_section&quot;:&quot;section-stretched&quot;}">
						<div class="elementor-container elementor-column-gap-no">
					<div class="elementor-column elementor-col-100 elementor-top-column elementor-element elementor-element-28eea9e" data-id="28eea9e" data-element_type="column">
			<div class="elementor-widget-wrap elementor-element-populated">
								<section class="elementor-section elementor-inner-section elementor-element elementor-element-cccfd55 elementor-section-boxed elementor-section-height-default elementor-section-height-default" data-id="cccfd55" data-element_type="section">
						<div class="elementor-container elementor-column-gap-no">
					<div class="elementor-column elementor-col-100 elementor-inner-column elementor-element elementor-element-04b37fc" data-id="04b37fc" data-element_type="column">
			<div class="elementor-widget-wrap elementor-element-populated">
								<div class="elementor-element elementor-element-110dffb elementor-widget elementor-widget-heading" data-id="110dffb" data-element_type="widget" data-widget_type="heading.default">
				<div class="elementor-widget-container">
			<h3 class="elementor-heading-title elementor-size-default">Product description</h3>		</div>
				</div>
				<div class="elementor-element elementor-element-81bd9f2 elementor-widget elementor-widget-text-editor" data-id="81bd9f2" data-element_type="widget" data-widget_type="text-editor.default">
				<div class="elementor-widget-container">
							<p>Since it&#8217;s creation lorem ipsum dolor sit amet, consectetur adipisicing elit, sed do eiusmod tempor incididunt ut labore et dolore magna aliqua. Ut enim ad minim veniam, quis nostrud exercitation ullamco laboris nisi ut aliquip ex ea commodo consequat. Duis aute irure dolor in reprehenderit in voluptate velit esse cillum dolore eu fugiat nulla pariatur. Excepteur sint occaecat cupidatat non proident, sunt in culpa qui officia deserunt mollit anim id est laborum.</p>						</div>
				</div>
				<div class="elementor-element elementor-element-0b01073 elementor-widget elementor-widget-text-editor" data-id="0b01073" data-element_type="widget" data-widget_type="text-editor.default">
				<div class="elementor-widget-container">
							<p>Duis aute irure dolor in reprehenderit in voluptate velit esse cillum dolore eu fugiat nulla pariatur. Excepteur sint occaecat cupidatat non proident.</p>						</div>
				</div>
					</div>
		</div>
							</div>
		</section>
				<section class="elementor-section elementor-inner-section elementor-element elementor-element-0be0d70 elementor-section-boxed elementor-section-height-default elementor-section-height-default" data-id="0be0d70" data-element_type="section">
						<div class="elementor-container elementor-column-gap-no">
					<div class="elementor-column elementor-col-50 elementor-inner-column elementor-element elementor-element-60233ec" data-id="60233ec" data-element_type="column">
			<div class="elementor-widget-wrap elementor-element-populated">
								<div class="elementor-element elementor-element-a24bd19 elementor-widget elementor-widget-image" data-id="a24bd19" data-element_type="widget" data-widget_type="image.default">
				<div class="elementor-widget-container">
															<img decoding="async" width="600" height="600" src="./../../../wp-content/uploads/2017/12/product-about-01.jpg" class="attachment-full size-full wp-image-4132" alt="" srcset="./../../../wp-content/uploads/2017/12/product-about-01.jpg 600w, ./../../../wp-content/uploads/2017/12/product-about-01-420x420.jpg 420w, ./../../../wp-content/uploads/2017/12/product-about-01-100x100.jpg 100w" sizes="(max-width: 600px) 100vw, 600px" />															</div>
				</div>
					</div>
		</div>
				<div class="elementor-column elementor-col-50 elementor-inner-column elementor-element elementor-element-a3b944c" data-id="a3b944c" data-element_type="column">
			<div class="elementor-widget-wrap elementor-element-populated">
								<div class="elementor-element elementor-element-3db49a7 elementor-widget elementor-widget-image" data-id="3db49a7" data-element_type="widget" data-widget_type="image.default">
				<div class="elementor-widget-container">
															<img decoding="async" width="600" height="600" src="./../../../wp-content/uploads/2017/12/product-about-04.jpg" class="attachment-full size-full wp-image-4135" alt="" srcset="./../../../wp-content/uploads/2017/12/product-about-04.jpg 600w, ./../../../wp-content/uploads/2017/12/product-about-04-420x420.jpg 420w, ./../../../wp-content/uploads/2017/12/product-about-04-100x100.jpg 100w" sizes="(max-width: 600px) 100vw, 600px" />															</div>
				</div>
					</div>
		</div>
							</div>
		</section>
				<section class="elementor-section elementor-inner-section elementor-element elementor-element-0bb2ab2 elementor-section-content-middle elementor-reverse-mobile elementor-section-boxed elementor-section-height-default elementor-section-height-default" data-id="0bb2ab2" data-element_type="section">
						<div class="elementor-container elementor-column-gap-no">
					<div class="elementor-column elementor-col-50 elementor-inner-column elementor-element elementor-element-5cfe9ed" data-id="5cfe9ed" data-element_type="column" data-settings="{&quot;background_background&quot;:&quot;classic&quot;}">
			<div class="elementor-widget-wrap elementor-element-populated">
								<div class="elementor-element elementor-element-6538106 elementor-widget elementor-widget-spacer" data-id="6538106" data-element_type="widget" data-widget_type="spacer.default">
				<div class="elementor-widget-container">
					<div class="elementor-spacer">
			<div class="elementor-spacer-inner"></div>
		</div>
				</div>
				</div>
					</div>
		</div>
				<div class="elementor-column elementor-col-50 elementor-inner-column elementor-element elementor-element-2f9b382" data-id="2f9b382" data-element_type="column" data-settings="{&quot;background_background&quot;:&quot;classic&quot;}">
			<div class="elementor-widget-wrap elementor-element-populated">
								<div class="elementor-element elementor-element-21698ad elementor-widget elementor-widget-heading" data-id="21698ad" data-element_type="widget" data-widget_type="heading.default">
				<div class="elementor-widget-container">
			<h5 class="elementor-heading-title elementor-size-default">Ut enim ad minim</h5>		</div>
				</div>
				<div class="elementor-element elementor-element-f2428bf elementor-widget elementor-widget-text-editor" data-id="f2428bf" data-element_type="widget" data-widget_type="text-editor.default">
				<div class="elementor-widget-container">
							<p>Lorem ipsum dolor sit amet, consectetur adipisicing elit, sed do eiusmod tempor incididunt.</p>						</div>
				</div>
				<div class="elementor-element elementor-element-0e13a1b elementor-widget elementor-widget-heading" data-id="0e13a1b" data-element_type="widget" data-widget_type="heading.default">
				<div class="elementor-widget-container">
			<h5 class="elementor-heading-title elementor-size-default">Quis nostrud</h5>		</div>
				</div>
				<div class="elementor-element elementor-element-7378cd1 elementor-widget elementor-widget-text-editor" data-id="7378cd1" data-element_type="widget" data-widget_type="text-editor.default">
				<div class="elementor-widget-container">
							<p>Sed do eiusmod tempor incididunt ut labore.</p>						</div>
				</div>
				<div class="elementor-element elementor-element-257018b elementor-widget elementor-widget-heading" data-id="257018b" data-element_type="widget" data-widget_type="heading.default">
				<div class="elementor-widget-container">
			<h5 class="elementor-heading-title elementor-size-default">Duis aute irure</h5>		</div>
				</div>
				<div class="elementor-element elementor-element-01f146a elementor-widget elementor-widget-text-editor" data-id="01f146a" data-element_type="widget" data-widget_type="text-editor.default">
				<div class="elementor-widget-container">
							<p>Dolor sit amet, consectetur adipisicing elit, sed do eiusmod tempor incididunt ut labore.</p>						</div>
				</div>
					</div>
		</div>
							</div>
		</section>
				<section class="elementor-section elementor-inner-section elementor-element elementor-element-dae981f elementor-section-content-middle elementor-section-boxed elementor-section-height-default elementor-section-height-default" data-id="dae981f" data-element_type="section">
						<div class="elementor-container elementor-column-gap-no">
					<div class="elementor-column elementor-col-50 elementor-inner-column elementor-element elementor-element-5e31550" data-id="5e31550" data-element_type="column" data-settings="{&quot;background_background&quot;:&quot;classic&quot;}">
			<div class="elementor-widget-wrap elementor-element-populated">
								<div class="elementor-element elementor-element-1a59ed3 elementor-widget elementor-widget-heading" data-id="1a59ed3" data-element_type="widget" data-widget_type="heading.default">
				<div class="elementor-widget-container">
			<h4 class="elementor-heading-title elementor-size-default">More about the product</h4>		</div>
				</div>
				<div class="elementor-element elementor-element-0ddf629 elementor-widget elementor-widget-text-editor" data-id="0ddf629" data-element_type="widget" data-widget_type="text-editor.default">
				<div class="elementor-widget-container">
							<p>Lorem ipsum dolor sit amet, consectetur adipisicing elit, sed do eiusmod tempor incididunt ut labore et dolore magna aliqua. Ut enim ad minim veniam, quis nostrud exercitation ullamco laboris nisi ut aliquip ex ea commodo consequat. Duis aute irure dolor in.</p>						</div>
				</div>
					</div>
		</div>
				<div class="elementor-column elementor-col-50 elementor-inner-column elementor-element elementor-element-51d0308" data-id="51d0308" data-element_type="column" data-settings="{&quot;background_background&quot;:&quot;classic&quot;}">
			<div class="elementor-widget-wrap elementor-element-populated">
								<div class="elementor-element elementor-element-e9dbb56 elementor-widget elementor-widget-spacer" data-id="e9dbb56" data-element_type="widget" data-widget_type="spacer.default">
				<div class="elementor-widget-container">
					<div class="elementor-spacer">
			<div class="elementor-spacer-inner"></div>
		</div>
				</div>
				</div>
					</div>
		</div>
							</div>
		</section>
					</div>
		</div>
							</div>
		</section>
							</div>
		]]></content:encoded>
					
					<wfw:commentRss>./../../../prodotto/dnk-yellow-shoes/feed/index.html</wfw:commentRss>
			<slash:comments>0</slash:comments>
		
		
			</item>
	</channel>
</rss>
