<?xml version="1.0" encoding="UTF-8"?><rss version="2.0"
	xmlns:content="http://purl.org/rss/1.0/modules/content/"
	xmlns:wfw="http://wellformedweb.org/CommentAPI/"
	xmlns:dc="http://purl.org/dc/elements/1.1/"
	xmlns:atom="http://www.w3.org/2005/Atom"
	xmlns:sy="http://purl.org/rss/1.0/modules/syndication/"
	xmlns:slash="http://purl.org/rss/1.0/modules/slash/"
	>

<channel>
	<title>Prodotti &#8211; progetto panetteria</title>
	<atom:link href="http://localhost/progettosettimanaecommerce/negozio/feed/?simply_static_page=212" rel="self" type="application/rss+xml" />
	<link>./../../index.html</link>
	<description></description>
	<lastBuildDate>Fri, 24 Mar 2023 18:05:55 +0000</lastBuildDate>
	<language>it-IT</language>
	<sy:updatePeriod>
	hourly	</sy:updatePeriod>
	<sy:updateFrequency>
	1	</sy:updateFrequency>
	<generator>https://wordpress.org/?v=6.1.1</generator>
	<item>
		<title>Torta cioccolatino</title>
		<link>./../../prodotto/torta-cioccolatino/index.html</link>
					<comments>./../../prodotto/torta-cioccolatino/index.html#respond</comments>
		
		<dc:creator><![CDATA[enrico.brilla]]></dc:creator>
		<pubDate>Fri, 24 Mar 2023 12:21:18 +0000</pubDate>
				<guid isPermaLink="false">./../../index.html?post_type=product#038;p=58</guid>

					<description><![CDATA[la classica torta cioccolatino amata da tutti quanti, perfetta per feste]]></description>
										<content:encoded><![CDATA[<p>Torta al cioccolato con zucchero a velo sopra</p>
]]></content:encoded>
					
					<wfw:commentRss>./../../prodotto/torta-cioccolatino/feed/index.html</wfw:commentRss>
			<slash:comments>0</slash:comments>
		
		
			</item>
		<item>
		<title>Torta Susanna</title>
		<link>./../../prodotto/torta-susanna/index.html</link>
					<comments>./../../prodotto/torta-susanna/index.html#respond</comments>
		
		<dc:creator><![CDATA[enrico.brilla]]></dc:creator>
		<pubDate>Fri, 24 Mar 2023 12:18:35 +0000</pubDate>
				<guid isPermaLink="false">./../../index.html?post_type=product#038;p=56</guid>

					<description><![CDATA[torta di pastra frolla e crema alla nocciola, ricetta originale]]></description>
										<content:encoded><![CDATA[<p>torta di pastra frolla e crema alla nocciola</p>
]]></content:encoded>
					
					<wfw:commentRss>./../../prodotto/torta-susanna/feed/index.html</wfw:commentRss>
			<slash:comments>0</slash:comments>
		
		
			</item>
		<item>
		<title>Treccia Croccante</title>
		<link>./../../prodotto/treccia-croccante/index.html</link>
					<comments>./../../prodotto/treccia-croccante/index.html#respond</comments>
		
		<dc:creator><![CDATA[enrico.brilla]]></dc:creator>
		<pubDate>Fri, 24 Mar 2023 12:15:04 +0000</pubDate>
				<guid isPermaLink="false">./../../index.html?post_type=product#038;p=53</guid>

					<description><![CDATA[Treccia croccante fatta a mano]]></description>
										<content:encoded><![CDATA[<p>Treccia croccante fatta a mano</p>
]]></content:encoded>
					
					<wfw:commentRss>./../../prodotto/treccia-croccante/feed/index.html</wfw:commentRss>
			<slash:comments>0</slash:comments>
		
		
			</item>
		<item>
		<title>Rosetta di Parma</title>
		<link>./../../prodotto/rosetta-di-parma/index.html</link>
					<comments>./../../prodotto/rosetta-di-parma/index.html#respond</comments>
		
		<dc:creator><![CDATA[enrico.brilla]]></dc:creator>
		<pubDate>Fri, 24 Mar 2023 12:11:57 +0000</pubDate>
				<guid isPermaLink="false">./../../index.html?post_type=product#038;p=51</guid>

					<description><![CDATA[Soffice rosetta con ricetta tradizionale]]></description>
										<content:encoded><![CDATA[<p>Soffice rosetta con ricetta tradizionale</p>
]]></content:encoded>
					
					<wfw:commentRss>./../../prodotto/rosetta-di-parma/feed/index.html</wfw:commentRss>
			<slash:comments>0</slash:comments>
		
		
			</item>
		<item>
		<title>Ciabatta fatta al forno</title>
		<link>./../../prodotto/ciabatta-fatta-al-forno/index.html</link>
					<comments>./../../prodotto/ciabatta-fatta-al-forno/index.html#respond</comments>
		
		<dc:creator><![CDATA[enrico.brilla]]></dc:creator>
		<pubDate>Fri, 24 Mar 2023 12:10:00 +0000</pubDate>
				<guid isPermaLink="false">./../../index.html?post_type=product#038;p=49</guid>

					<description><![CDATA[Ciabatta fatta a mano perfetta con i salumi]]></description>
										<content:encoded><![CDATA[<p>Ciabatta fatta a mano perfetta con i salumi</p>
]]></content:encoded>
					
					<wfw:commentRss>./../../prodotto/ciabatta-fatta-al-forno/feed/index.html</wfw:commentRss>
			<slash:comments>0</slash:comments>
		
		
			</item>
		<item>
		<title>Cupcake al pistacchio</title>
		<link>./../../prodotto/cupcake-al-pistacchio/index.html</link>
					<comments>./../../prodotto/cupcake-al-pistacchio/index.html#respond</comments>
		
		<dc:creator><![CDATA[enrico.brilla]]></dc:creator>
		<pubDate>Fri, 24 Mar 2023 12:08:41 +0000</pubDate>
				<guid isPermaLink="false">./../../index.html?post_type=product#038;p=47</guid>

					<description><![CDATA[Cupcake di pasta frolla con ripieno e crema di pistacchio]]></description>
										<content:encoded><![CDATA[<p>Delizioso cupcake al Pistacchio, ripieno di crema di pistacchio</p>
]]></content:encoded>
					
					<wfw:commentRss>./../../prodotto/cupcake-al-pistacchio/feed/index.html</wfw:commentRss>
			<slash:comments>0</slash:comments>
		
		
			</item>
		<item>
		<title>Cupcacke perlinato</title>
		<link>./../../prodotto/cupcacke-perlinato/index.html</link>
					<comments>./../../prodotto/cupcacke-perlinato/index.html#respond</comments>
		
		<dc:creator><![CDATA[enrico.brilla]]></dc:creator>
		<pubDate>Fri, 24 Mar 2023 12:06:48 +0000</pubDate>
				<guid isPermaLink="false">./../../index.html?post_type=product#038;p=45</guid>

					<description><![CDATA[Bellissimo e buonissimo da vedere, perfetto per cerimonie o feste]]></description>
										<content:encoded><![CDATA[<p>Cupcake alla fragola con  Perline  commestibili, bellissimo e buonissimo</p>
]]></content:encoded>
					
					<wfw:commentRss>./../../prodotto/cupcacke-perlinato/feed/index.html</wfw:commentRss>
			<slash:comments>0</slash:comments>
		
		
			</item>
		<item>
		<title>Cupcake alla Crema</title>
		<link>./../../prodotto/cupcake-alla-crema/index.html</link>
					<comments>./../../prodotto/cupcake-alla-crema/index.html#respond</comments>
		
		<dc:creator><![CDATA[enrico.brilla]]></dc:creator>
		<pubDate>Fri, 24 Mar 2023 12:04:26 +0000</pubDate>
				<guid isPermaLink="false">./../../index.html?post_type=product#038;p=43</guid>

					<description><![CDATA[Cupcake alla vaniglia ripieno di crema con panna sopra]]></description>
										<content:encoded><![CDATA[<p>Cupcake alla vaniglia ripieno di crema con panna sopra</p>
]]></content:encoded>
					
					<wfw:commentRss>./../../prodotto/cupcake-alla-crema/feed/index.html</wfw:commentRss>
			<slash:comments>0</slash:comments>
		
		
			</item>
		<item>
		<title>baguette al forno croccante</title>
		<link>./../../prodotto/baguette-al-forno-croccante/index.html</link>
					<comments>./../../prodotto/baguette-al-forno-croccante/index.html#respond</comments>
		
		<dc:creator><![CDATA[enrico.brilla]]></dc:creator>
		<pubDate>Fri, 24 Mar 2023 11:26:57 +0000</pubDate>
				<guid isPermaLink="false">./../../index.html?post_type=product#038;p=34</guid>

					<description><![CDATA[Croccantissima baguette fatta al forno]]></description>
										<content:encoded><![CDATA[<p>Baguette al forno croccantissima, ricetta francese</p>
]]></content:encoded>
					
					<wfw:commentRss>./../../prodotto/baguette-al-forno-croccante/feed/index.html</wfw:commentRss>
			<slash:comments>0</slash:comments>
		
		
			</item>
		<item>
		<title>Cupcake al cioccolato</title>
		<link>./../../prodotto/cupcake-al-cioccolato/index.html</link>
					<comments>./../../prodotto/cupcake-al-cioccolato/index.html#respond</comments>
		
		<dc:creator><![CDATA[enrico.brilla]]></dc:creator>
		<pubDate>Fri, 24 Mar 2023 11:25:04 +0000</pubDate>
				<guid isPermaLink="false">./../../index.html?post_type=product#038;p=32</guid>

					<description><![CDATA[Cupcake al cioccolato, ripieno di nutella con panna al cacao sopra]]></description>
										<content:encoded><![CDATA[Cupcake al cioccolato, ripieno di nutella con panna al cacao sopra]]></content:encoded>
					
					<wfw:commentRss>./../../prodotto/cupcake-al-cioccolato/feed/index.html</wfw:commentRss>
			<slash:comments>0</slash:comments>
		
		
			</item>
	</channel>
</rss>
