<?xml version="1.0" encoding="UTF-8"?><rss version="2.0"
	xmlns:content="http://purl.org/rss/1.0/modules/content/"
	xmlns:wfw="http://wellformedweb.org/CommentAPI/"
	xmlns:dc="http://purl.org/dc/elements/1.1/"
	xmlns:atom="http://www.w3.org/2005/Atom"
	xmlns:sy="http://purl.org/rss/1.0/modules/syndication/"
	xmlns:slash="http://purl.org/rss/1.0/modules/slash/"
	
	xmlns:georss="http://www.georss.org/georss"
	xmlns:geo="http://www.w3.org/2003/01/geo/wgs84_pos#"
	>

<channel>
	<title>Vacheron Constantin</title>
	<atom:link href="http://localhost/woocomercex/categoria-prodotto/vacheron-constantin/feed/?simply_static_page=618" rel="self" type="application/rss+xml" />
	<link>./../../../index.html</link>
	<description></description>
	<lastBuildDate>Tue, 21 Mar 2023 12:57:39 +0000</lastBuildDate>
	<language>it-IT</language>
	<sy:updatePeriod>
	hourly	</sy:updatePeriod>
	<sy:updateFrequency>
	1	</sy:updateFrequency>
	<generator>https://wordpress.org/?v=6.1.1</generator>
	<item>
		<title>Fiftysix</title>
		<link>./../../../prodotto/dark-gray-jeans/index.html</link>
					<comments>./../../../prodotto/dark-gray-jeans/index.html#respond</comments>
		
		<dc:creator><![CDATA[enrico.brilla]]></dc:creator>
		<pubDate>Wed, 20 Dec 2017 07:04:21 +0000</pubDate>
				<guid isPermaLink="false">./../../../prodotto/dark-gray-jeans/index.html</guid>

					<description><![CDATA[Caratterizzato da uno stile rétro contemporaneo, questo segnatempo con vetro box-type e quadrante a settori si ispira ai codici estetici degli anni Cinquanta. Il quadrante seppia si abbina perfettamente sia alla cassa in oro rosa sia al cinturino autentico in pelle di vitello marrone. Visibile attraverso il fondello in vetro zaffiro, il movimento meccanico a carica automatica si distingue per l’elegante finitura con motivo Côtes de Genève e la massa oscillante in oro rosa 22 carati ispirata alla croce di Malta.]]></description>
										<content:encoded><![CDATA[		<div data-elementor-type="wp-post" data-elementor-id="324" class="elementor elementor-324">
									<section class="elementor-section elementor-top-section elementor-element elementor-element-3461e48 elementor-section-stretched elementor-section-boxed elementor-section-height-default elementor-section-height-default" data-id="3461e48" data-element_type="section" data-settings="{&quot;stretch_section&quot;:&quot;section-stretched&quot;}">
						<div class="elementor-container elementor-column-gap-no">
					<div class="elementor-column elementor-col-100 elementor-top-column elementor-element elementor-element-1646e07" data-id="1646e07" data-element_type="column">
			<div class="elementor-widget-wrap elementor-element-populated">
								<section class="elementor-section elementor-inner-section elementor-element elementor-element-3e7fe83 elementor-section-boxed elementor-section-height-default elementor-section-height-default" data-id="3e7fe83" data-element_type="section">
						<div class="elementor-container elementor-column-gap-no">
					<div class="elementor-column elementor-col-100 elementor-inner-column elementor-element elementor-element-ff4053a" data-id="ff4053a" data-element_type="column">
			<div class="elementor-widget-wrap elementor-element-populated">
								<div class="elementor-element elementor-element-b85c6ef elementor-widget elementor-widget-heading" data-id="b85c6ef" data-element_type="widget" data-widget_type="heading.default">
				<div class="elementor-widget-container">
			<style>/*! elementor - v3.11.5 - 14-03-2023 */
.elementor-heading-title{padding:0;margin:0;line-height:1}.elementor-widget-heading .elementor-heading-title[class*=elementor-size-]>a{color:inherit;font-size:inherit;line-height:inherit}.elementor-widget-heading .elementor-heading-title.elementor-size-small{font-size:15px}.elementor-widget-heading .elementor-heading-title.elementor-size-medium{font-size:19px}.elementor-widget-heading .elementor-heading-title.elementor-size-large{font-size:29px}.elementor-widget-heading .elementor-heading-title.elementor-size-xl{font-size:39px}.elementor-widget-heading .elementor-heading-title.elementor-size-xxl{font-size:59px}</style><h3 class="elementor-heading-title elementor-size-default">Product description</h3>		</div>
				</div>
				<div class="elementor-element elementor-element-4eff561 elementor-widget elementor-widget-text-editor" data-id="4eff561" data-element_type="widget" data-widget_type="text-editor.default">
				<div class="elementor-widget-container">
			<style>/*! elementor - v3.11.5 - 14-03-2023 */
.elementor-widget-text-editor.elementor-drop-cap-view-stacked .elementor-drop-cap{background-color:#818a91;color:#fff}.elementor-widget-text-editor.elementor-drop-cap-view-framed .elementor-drop-cap{color:#818a91;border:3px solid;background-color:transparent}.elementor-widget-text-editor:not(.elementor-drop-cap-view-default) .elementor-drop-cap{margin-top:8px}.elementor-widget-text-editor:not(.elementor-drop-cap-view-default) .elementor-drop-cap-letter{width:1em;height:1em}.elementor-widget-text-editor .elementor-drop-cap{float:left;text-align:center;line-height:1;font-size:50px}.elementor-widget-text-editor .elementor-drop-cap-letter{display:inline-block}</style>				<p>Since it&#8217;s creation lorem ipsum dolor sit amet, consectetur adipisicing elit, sed do eiusmod tempor incididunt ut labore et dolore magna aliqua. Ut enim ad minim veniam, quis nostrud exercitation ullamco laboris nisi ut aliquip ex ea commodo consequat. Duis aute irure dolor in reprehenderit in voluptate velit esse cillum dolore eu fugiat nulla pariatur. Excepteur sint occaecat cupidatat non proident, sunt in culpa qui officia deserunt mollit anim id est laborum.</p>						</div>
				</div>
				<div class="elementor-element elementor-element-b0467c8 elementor-widget elementor-widget-text-editor" data-id="b0467c8" data-element_type="widget" data-widget_type="text-editor.default">
				<div class="elementor-widget-container">
							<p>Duis aute irure dolor in reprehenderit in voluptate velit esse cillum dolore eu fugiat nulla pariatur. Excepteur sint occaecat cupidatat non proident.</p>						</div>
				</div>
					</div>
		</div>
							</div>
		</section>
				<section class="elementor-section elementor-inner-section elementor-element elementor-element-f751961 elementor-section-boxed elementor-section-height-default elementor-section-height-default" data-id="f751961" data-element_type="section">
						<div class="elementor-container elementor-column-gap-no">
					<div class="elementor-column elementor-col-50 elementor-inner-column elementor-element elementor-element-de878d3" data-id="de878d3" data-element_type="column">
			<div class="elementor-widget-wrap elementor-element-populated">
								<div class="elementor-element elementor-element-7d1b06a elementor-widget elementor-widget-image" data-id="7d1b06a" data-element_type="widget" data-widget_type="image.default">
				<div class="elementor-widget-container">
			<style>/*! elementor - v3.11.5 - 14-03-2023 */
.elementor-widget-image{text-align:center}.elementor-widget-image a{display:inline-block}.elementor-widget-image a img[src$=".svg"]{width:48px}.elementor-widget-image img{vertical-align:middle;display:inline-block}</style>												<img decoding="async" width="600" height="600" src="./../../../wp-content/uploads/2017/12/product-about-01.jpg" class="attachment-full size-full wp-image-4132" alt="" srcset="./../../../wp-content/uploads/2017/12/product-about-01.jpg 600w, ./../../../wp-content/uploads/2017/12/product-about-01-420x420.jpg 420w, ./../../../wp-content/uploads/2017/12/product-about-01-100x100.jpg 100w" sizes="(max-width: 600px) 100vw, 600px" />															</div>
				</div>
					</div>
		</div>
				<div class="elementor-column elementor-col-50 elementor-inner-column elementor-element elementor-element-3981653" data-id="3981653" data-element_type="column">
			<div class="elementor-widget-wrap elementor-element-populated">
								<div class="elementor-element elementor-element-31a1ece elementor-widget elementor-widget-image" data-id="31a1ece" data-element_type="widget" data-widget_type="image.default">
				<div class="elementor-widget-container">
															<img decoding="async" width="600" height="600" src="./../../../wp-content/uploads/2017/12/product-about-04.jpg" class="attachment-full size-full wp-image-4135" alt="" srcset="./../../../wp-content/uploads/2017/12/product-about-04.jpg 600w, ./../../../wp-content/uploads/2017/12/product-about-04-420x420.jpg 420w, ./../../../wp-content/uploads/2017/12/product-about-04-100x100.jpg 100w" sizes="(max-width: 600px) 100vw, 600px" />															</div>
				</div>
					</div>
		</div>
							</div>
		</section>
				<section class="elementor-section elementor-inner-section elementor-element elementor-element-4e7f128 elementor-section-content-middle elementor-reverse-mobile elementor-section-boxed elementor-section-height-default elementor-section-height-default" data-id="4e7f128" data-element_type="section">
						<div class="elementor-container elementor-column-gap-no">
					<div class="elementor-column elementor-col-50 elementor-inner-column elementor-element elementor-element-e1c6b73" data-id="e1c6b73" data-element_type="column" data-settings="{&quot;background_background&quot;:&quot;classic&quot;}">
			<div class="elementor-widget-wrap elementor-element-populated">
								<div class="elementor-element elementor-element-82fed85 elementor-widget elementor-widget-spacer" data-id="82fed85" data-element_type="widget" data-widget_type="spacer.default">
				<div class="elementor-widget-container">
			<style>/*! elementor - v3.11.5 - 14-03-2023 */
.elementor-column .elementor-spacer-inner{height:var(--spacer-size)}.e-con{--container-widget-width:100%}.e-con-inner>.elementor-widget-spacer,.e-con>.elementor-widget-spacer{width:var(--container-widget-width,var(--spacer-size));--align-self:var(--container-widget-align-self,initial);--flex-shrink:0}.e-con-inner>.elementor-widget-spacer>.elementor-widget-container,.e-con-inner>.elementor-widget-spacer>.elementor-widget-container>.elementor-spacer,.e-con>.elementor-widget-spacer>.elementor-widget-container,.e-con>.elementor-widget-spacer>.elementor-widget-container>.elementor-spacer{height:100%}.e-con-inner>.elementor-widget-spacer>.elementor-widget-container>.elementor-spacer>.elementor-spacer-inner,.e-con>.elementor-widget-spacer>.elementor-widget-container>.elementor-spacer>.elementor-spacer-inner{height:var(--container-widget-height,var(--spacer-size))}</style>		<div class="elementor-spacer">
			<div class="elementor-spacer-inner"></div>
		</div>
				</div>
				</div>
					</div>
		</div>
				<div class="elementor-column elementor-col-50 elementor-inner-column elementor-element elementor-element-9a0caff" data-id="9a0caff" data-element_type="column" data-settings="{&quot;background_background&quot;:&quot;classic&quot;}">
			<div class="elementor-widget-wrap elementor-element-populated">
								<div class="elementor-element elementor-element-6433c8f elementor-widget elementor-widget-heading" data-id="6433c8f" data-element_type="widget" data-widget_type="heading.default">
				<div class="elementor-widget-container">
			<h5 class="elementor-heading-title elementor-size-default">Ut enim ad minim</h5>		</div>
				</div>
				<div class="elementor-element elementor-element-c912e06 elementor-widget elementor-widget-text-editor" data-id="c912e06" data-element_type="widget" data-widget_type="text-editor.default">
				<div class="elementor-widget-container">
							<p>Lorem ipsum dolor sit amet, consectetur adipisicing elit, sed do eiusmod tempor incididunt.</p>						</div>
				</div>
				<div class="elementor-element elementor-element-a3c6241 elementor-widget elementor-widget-heading" data-id="a3c6241" data-element_type="widget" data-widget_type="heading.default">
				<div class="elementor-widget-container">
			<h5 class="elementor-heading-title elementor-size-default">Quis nostrud</h5>		</div>
				</div>
				<div class="elementor-element elementor-element-b5e29bb elementor-widget elementor-widget-text-editor" data-id="b5e29bb" data-element_type="widget" data-widget_type="text-editor.default">
				<div class="elementor-widget-container">
							<p>Sed do eiusmod tempor incididunt ut labore.</p>						</div>
				</div>
				<div class="elementor-element elementor-element-205db06 elementor-widget elementor-widget-heading" data-id="205db06" data-element_type="widget" data-widget_type="heading.default">
				<div class="elementor-widget-container">
			<h5 class="elementor-heading-title elementor-size-default">Duis aute irure</h5>		</div>
				</div>
				<div class="elementor-element elementor-element-894bb83 elementor-widget elementor-widget-text-editor" data-id="894bb83" data-element_type="widget" data-widget_type="text-editor.default">
				<div class="elementor-widget-container">
							<p>Dolor sit amet, consectetur adipisicing elit, sed do eiusmod tempor incididunt ut labore.</p>						</div>
				</div>
					</div>
		</div>
							</div>
		</section>
				<section class="elementor-section elementor-inner-section elementor-element elementor-element-3e0f092 elementor-section-content-middle elementor-section-boxed elementor-section-height-default elementor-section-height-default" data-id="3e0f092" data-element_type="section">
						<div class="elementor-container elementor-column-gap-no">
					<div class="elementor-column elementor-col-50 elementor-inner-column elementor-element elementor-element-e122e14" data-id="e122e14" data-element_type="column" data-settings="{&quot;background_background&quot;:&quot;classic&quot;}">
			<div class="elementor-widget-wrap elementor-element-populated">
								<div class="elementor-element elementor-element-984f739 elementor-widget elementor-widget-heading" data-id="984f739" data-element_type="widget" data-widget_type="heading.default">
				<div class="elementor-widget-container">
			<h4 class="elementor-heading-title elementor-size-default">More about the product</h4>		</div>
				</div>
				<div class="elementor-element elementor-element-8ef6bbe elementor-widget elementor-widget-text-editor" data-id="8ef6bbe" data-element_type="widget" data-widget_type="text-editor.default">
				<div class="elementor-widget-container">
							<p>Lorem ipsum dolor sit amet, consectetur adipisicing elit, sed do eiusmod tempor incididunt ut labore et dolore magna aliqua. Ut enim ad minim veniam, quis nostrud exercitation ullamco laboris nisi ut aliquip ex ea commodo consequat. Duis aute irure dolor in.</p>						</div>
				</div>
					</div>
		</div>
				<div class="elementor-column elementor-col-50 elementor-inner-column elementor-element elementor-element-656160e" data-id="656160e" data-element_type="column" data-settings="{&quot;background_background&quot;:&quot;classic&quot;}">
			<div class="elementor-widget-wrap elementor-element-populated">
								<div class="elementor-element elementor-element-ed62c20 elementor-widget elementor-widget-spacer" data-id="ed62c20" data-element_type="widget" data-widget_type="spacer.default">
				<div class="elementor-widget-container">
					<div class="elementor-spacer">
			<div class="elementor-spacer-inner"></div>
		</div>
				</div>
				</div>
					</div>
		</div>
							</div>
		</section>
					</div>
		</div>
							</div>
		</section>
							</div>
		]]></content:encoded>
					
					<wfw:commentRss>./../../../prodotto/dark-gray-jeans/feed/index.html</wfw:commentRss>
			<slash:comments>0</slash:comments>
		
		
			</item>
	</channel>
</rss>
