<?xml version="1.0" encoding="UTF-8"?><rss version="2.0"
	xmlns:content="http://purl.org/rss/1.0/modules/content/"
	xmlns:wfw="http://wellformedweb.org/CommentAPI/"
	xmlns:dc="http://purl.org/dc/elements/1.1/"
	xmlns:atom="http://www.w3.org/2005/Atom"
	xmlns:sy="http://purl.org/rss/1.0/modules/syndication/"
	xmlns:slash="http://purl.org/rss/1.0/modules/slash/"
	>

<channel>
	<title>Uomo &#8211; ecommercex5</title>
	<atom:link href="http://localhost/ecommercex5/categoria-prodotto/uomo/feed/?simply_static_page=123" rel="self" type="application/rss+xml" />
	<link>./../../../index.html</link>
	<description></description>
	<lastBuildDate>Thu, 23 Mar 2023 14:20:23 +0000</lastBuildDate>
	<language>it-IT</language>
	<sy:updatePeriod>
	hourly	</sy:updatePeriod>
	<sy:updateFrequency>
	1	</sy:updateFrequency>
	<generator>https://wordpress.org/?v=6.1.1</generator>
	<item>
		<title>Trench nero da uomo</title>
		<link>./../../../prodotto/trench-nero-da-uomo/index.html</link>
					<comments>./../../../prodotto/trench-nero-da-uomo/index.html#respond</comments>
		
		<dc:creator><![CDATA[enrico.brilla]]></dc:creator>
		<pubDate>Thu, 23 Mar 2023 14:09:46 +0000</pubDate>
				<guid isPermaLink="false">./../../../index.html?post_type=product#038;p=51</guid>

					<description><![CDATA[]]></description>
										<content:encoded><![CDATA[]]></content:encoded>
					
					<wfw:commentRss>./../../../prodotto/trench-nero-da-uomo/feed/index.html</wfw:commentRss>
			<slash:comments>0</slash:comments>
		
		
			</item>
		<item>
		<title>Trench Blu Uomo</title>
		<link>./../../../prodotto/trench-blu-uomo/index.html</link>
					<comments>./../../../prodotto/trench-blu-uomo/index.html#respond</comments>
		
		<dc:creator><![CDATA[enrico.brilla]]></dc:creator>
		<pubDate>Thu, 23 Mar 2023 13:33:34 +0000</pubDate>
				<guid isPermaLink="false">./../../../index.html?post_type=product#038;p=20</guid>

					<description><![CDATA[Trench Blu da uomo Lungo]]></description>
										<content:encoded><![CDATA[<p>Trench Blu da uomo</p>
<p>Lungo</p>
]]></content:encoded>
					
					<wfw:commentRss>./../../../prodotto/trench-blu-uomo/feed/index.html</wfw:commentRss>
			<slash:comments>0</slash:comments>
		
		
			</item>
		<item>
		<title>Trench Burberry beige</title>
		<link>./../../../prodotto/trench-burberry-beige/index.html</link>
					<comments>./../../../prodotto/trench-burberry-beige/index.html#respond</comments>
		
		<dc:creator><![CDATA[enrico.brilla]]></dc:creator>
		<pubDate>Thu, 23 Mar 2023 13:30:20 +0000</pubDate>
				<guid isPermaLink="false">./../../../index.html?post_type=product#038;p=17</guid>

					<description><![CDATA[Classico trench Marca burberry]]></description>
										<content:encoded><![CDATA[<p>Classico trench Marca burberry</p>
]]></content:encoded>
					
					<wfw:commentRss>./../../../prodotto/trench-burberry-beige/feed/index.html</wfw:commentRss>
			<slash:comments>0</slash:comments>
		
		
			</item>
	</channel>
</rss>
