<?xml version="1.0" encoding="UTF-8"?><rss version="2.0"
	xmlns:content="http://purl.org/rss/1.0/modules/content/"
	xmlns:wfw="http://wellformedweb.org/CommentAPI/"
	xmlns:dc="http://purl.org/dc/elements/1.1/"
	xmlns:atom="http://www.w3.org/2005/Atom"
	xmlns:sy="http://purl.org/rss/1.0/modules/syndication/"
	xmlns:slash="http://purl.org/rss/1.0/modules/slash/"
	
	xmlns:georss="http://www.georss.org/georss"
	xmlns:geo="http://www.w3.org/2003/01/geo/wgs84_pos#"
	>

<channel>
	<title>Audemar Piguet</title>
	<atom:link href="http://localhost/woocomercex/categoria-prodotto/audemar-piguet/feed/?simply_static_page=612" rel="self" type="application/rss+xml" />
	<link>./../../../index.html</link>
	<description></description>
	<lastBuildDate>Tue, 21 Mar 2023 13:42:18 +0000</lastBuildDate>
	<language>it-IT</language>
	<sy:updatePeriod>
	hourly	</sy:updatePeriod>
	<sy:updateFrequency>
	1	</sy:updateFrequency>
	<generator>https://wordpress.org/?v=6.1.1</generator>
	<item>
		<title>Audemar Piguet Royal Oak</title>
		<link>./../../../prodotto/dark-blue-denim-jeans/index.html</link>
					<comments>./../../../prodotto/dark-blue-denim-jeans/index.html#respond</comments>
		
		<dc:creator><![CDATA[enrico.brilla]]></dc:creator>
		<pubDate>Wed, 20 Dec 2017 13:16:19 +0000</pubDate>
				<guid isPermaLink="false">./../../../prodotto/dark-blue-denim-jeans/index.html</guid>

					<description><![CDATA[Quadrante grigio fumé con motivo "Grande Tapisserie", indici applicati in oro bianco e lancette Royal Oak con rivestimento luminescente.]]></description>
										<content:encoded><![CDATA[		<div data-elementor-type="wp-post" data-elementor-id="345" class="elementor elementor-345">
									<section class="elementor-section elementor-top-section elementor-element elementor-element-5a8d39b elementor-section-stretched elementor-section-boxed elementor-section-height-default elementor-section-height-default" data-id="5a8d39b" data-element_type="section" data-settings="{&quot;stretch_section&quot;:&quot;section-stretched&quot;}">
						<div class="elementor-container elementor-column-gap-no">
					<div class="elementor-column elementor-col-100 elementor-top-column elementor-element elementor-element-959c7d5" data-id="959c7d5" data-element_type="column">
			<div class="elementor-widget-wrap elementor-element-populated">
								<section class="elementor-section elementor-inner-section elementor-element elementor-element-ba8dc6e elementor-section-boxed elementor-section-height-default elementor-section-height-default" data-id="ba8dc6e" data-element_type="section">
						<div class="elementor-container elementor-column-gap-no">
					<div class="elementor-column elementor-col-100 elementor-inner-column elementor-element elementor-element-92f58f7" data-id="92f58f7" data-element_type="column">
			<div class="elementor-widget-wrap elementor-element-populated">
								<div class="elementor-element elementor-element-75b808b elementor-widget elementor-widget-heading" data-id="75b808b" data-element_type="widget" data-widget_type="heading.default">
				<div class="elementor-widget-container">
			<style>/*! elementor - v3.11.5 - 14-03-2023 */
.elementor-heading-title{padding:0;margin:0;line-height:1}.elementor-widget-heading .elementor-heading-title[class*=elementor-size-]>a{color:inherit;font-size:inherit;line-height:inherit}.elementor-widget-heading .elementor-heading-title.elementor-size-small{font-size:15px}.elementor-widget-heading .elementor-heading-title.elementor-size-medium{font-size:19px}.elementor-widget-heading .elementor-heading-title.elementor-size-large{font-size:29px}.elementor-widget-heading .elementor-heading-title.elementor-size-xl{font-size:39px}.elementor-widget-heading .elementor-heading-title.elementor-size-xxl{font-size:59px}</style><h3 class="elementor-heading-title elementor-size-default">Product description</h3>		</div>
				</div>
				<div class="elementor-element elementor-element-0120ddc elementor-widget elementor-widget-text-editor" data-id="0120ddc" data-element_type="widget" data-widget_type="text-editor.default">
				<div class="elementor-widget-container">
			<style>/*! elementor - v3.11.5 - 14-03-2023 */
.elementor-widget-text-editor.elementor-drop-cap-view-stacked .elementor-drop-cap{background-color:#818a91;color:#fff}.elementor-widget-text-editor.elementor-drop-cap-view-framed .elementor-drop-cap{color:#818a91;border:3px solid;background-color:transparent}.elementor-widget-text-editor:not(.elementor-drop-cap-view-default) .elementor-drop-cap{margin-top:8px}.elementor-widget-text-editor:not(.elementor-drop-cap-view-default) .elementor-drop-cap-letter{width:1em;height:1em}.elementor-widget-text-editor .elementor-drop-cap{float:left;text-align:center;line-height:1;font-size:50px}.elementor-widget-text-editor .elementor-drop-cap-letter{display:inline-block}</style>				<p>Since it&#8217;s creation lorem ipsum dolor sit amet, consectetur adipisicing elit, sed do eiusmod tempor incididunt ut labore et dolore magna aliqua. Ut enim ad minim veniam, quis nostrud exercitation ullamco laboris nisi ut aliquip ex ea commodo consequat. Duis aute irure dolor in reprehenderit in voluptate velit esse cillum dolore eu fugiat nulla pariatur. Excepteur sint occaecat cupidatat non proident, sunt in culpa qui officia deserunt mollit anim id est laborum.</p>						</div>
				</div>
				<div class="elementor-element elementor-element-1b3f86d elementor-widget elementor-widget-text-editor" data-id="1b3f86d" data-element_type="widget" data-widget_type="text-editor.default">
				<div class="elementor-widget-container">
							<p>Duis aute irure dolor in reprehenderit in voluptate velit esse cillum dolore eu fugiat nulla pariatur. Excepteur sint occaecat cupidatat non proident.</p>						</div>
				</div>
					</div>
		</div>
							</div>
		</section>
				<section class="elementor-section elementor-inner-section elementor-element elementor-element-0d08a02 elementor-section-boxed elementor-section-height-default elementor-section-height-default" data-id="0d08a02" data-element_type="section">
						<div class="elementor-container elementor-column-gap-no">
					<div class="elementor-column elementor-col-50 elementor-inner-column elementor-element elementor-element-3ec95c5" data-id="3ec95c5" data-element_type="column">
			<div class="elementor-widget-wrap elementor-element-populated">
								<div class="elementor-element elementor-element-eaaeadb elementor-widget elementor-widget-image" data-id="eaaeadb" data-element_type="widget" data-widget_type="image.default">
				<div class="elementor-widget-container">
			<style>/*! elementor - v3.11.5 - 14-03-2023 */
.elementor-widget-image{text-align:center}.elementor-widget-image a{display:inline-block}.elementor-widget-image a img[src$=".svg"]{width:48px}.elementor-widget-image img{vertical-align:middle;display:inline-block}</style>												<img decoding="async" width="600" height="600" src="./../../../wp-content/uploads/2017/12/product-about-01.jpg" class="attachment-full size-full wp-image-4132" alt="" srcset="./../../../wp-content/uploads/2017/12/product-about-01.jpg 600w, ./../../../wp-content/uploads/2017/12/product-about-01-420x420.jpg 420w, ./../../../wp-content/uploads/2017/12/product-about-01-100x100.jpg 100w" sizes="(max-width: 600px) 100vw, 600px" />															</div>
				</div>
					</div>
		</div>
				<div class="elementor-column elementor-col-50 elementor-inner-column elementor-element elementor-element-7fefcd5" data-id="7fefcd5" data-element_type="column">
			<div class="elementor-widget-wrap elementor-element-populated">
								<div class="elementor-element elementor-element-76f0dbc elementor-widget elementor-widget-image" data-id="76f0dbc" data-element_type="widget" data-widget_type="image.default">
				<div class="elementor-widget-container">
															<img decoding="async" width="600" height="600" src="./../../../wp-content/uploads/2017/12/product-about-04.jpg" class="attachment-full size-full wp-image-4135" alt="" srcset="./../../../wp-content/uploads/2017/12/product-about-04.jpg 600w, ./../../../wp-content/uploads/2017/12/product-about-04-420x420.jpg 420w, ./../../../wp-content/uploads/2017/12/product-about-04-100x100.jpg 100w" sizes="(max-width: 600px) 100vw, 600px" />															</div>
				</div>
					</div>
		</div>
							</div>
		</section>
				<section class="elementor-section elementor-inner-section elementor-element elementor-element-6cceeec elementor-section-content-middle elementor-reverse-mobile elementor-section-boxed elementor-section-height-default elementor-section-height-default" data-id="6cceeec" data-element_type="section">
						<div class="elementor-container elementor-column-gap-no">
					<div class="elementor-column elementor-col-50 elementor-inner-column elementor-element elementor-element-45142ab" data-id="45142ab" data-element_type="column" data-settings="{&quot;background_background&quot;:&quot;classic&quot;}">
			<div class="elementor-widget-wrap elementor-element-populated">
								<div class="elementor-element elementor-element-c22f99d elementor-widget elementor-widget-spacer" data-id="c22f99d" data-element_type="widget" data-widget_type="spacer.default">
				<div class="elementor-widget-container">
			<style>/*! elementor - v3.11.5 - 14-03-2023 */
.elementor-column .elementor-spacer-inner{height:var(--spacer-size)}.e-con{--container-widget-width:100%}.e-con-inner>.elementor-widget-spacer,.e-con>.elementor-widget-spacer{width:var(--container-widget-width,var(--spacer-size));--align-self:var(--container-widget-align-self,initial);--flex-shrink:0}.e-con-inner>.elementor-widget-spacer>.elementor-widget-container,.e-con-inner>.elementor-widget-spacer>.elementor-widget-container>.elementor-spacer,.e-con>.elementor-widget-spacer>.elementor-widget-container,.e-con>.elementor-widget-spacer>.elementor-widget-container>.elementor-spacer{height:100%}.e-con-inner>.elementor-widget-spacer>.elementor-widget-container>.elementor-spacer>.elementor-spacer-inner,.e-con>.elementor-widget-spacer>.elementor-widget-container>.elementor-spacer>.elementor-spacer-inner{height:var(--container-widget-height,var(--spacer-size))}</style>		<div class="elementor-spacer">
			<div class="elementor-spacer-inner"></div>
		</div>
				</div>
				</div>
					</div>
		</div>
				<div class="elementor-column elementor-col-50 elementor-inner-column elementor-element elementor-element-15c0692" data-id="15c0692" data-element_type="column" data-settings="{&quot;background_background&quot;:&quot;classic&quot;}">
			<div class="elementor-widget-wrap elementor-element-populated">
								<div class="elementor-element elementor-element-8e6286b elementor-widget elementor-widget-heading" data-id="8e6286b" data-element_type="widget" data-widget_type="heading.default">
				<div class="elementor-widget-container">
			<h5 class="elementor-heading-title elementor-size-default">Ut enim ad minim</h5>		</div>
				</div>
				<div class="elementor-element elementor-element-6f522fe elementor-widget elementor-widget-text-editor" data-id="6f522fe" data-element_type="widget" data-widget_type="text-editor.default">
				<div class="elementor-widget-container">
							<p>Lorem ipsum dolor sit amet, consectetur adipisicing elit, sed do eiusmod tempor incididunt.</p>						</div>
				</div>
				<div class="elementor-element elementor-element-c4587a4 elementor-widget elementor-widget-heading" data-id="c4587a4" data-element_type="widget" data-widget_type="heading.default">
				<div class="elementor-widget-container">
			<h5 class="elementor-heading-title elementor-size-default">Quis nostrud</h5>		</div>
				</div>
				<div class="elementor-element elementor-element-efd6e48 elementor-widget elementor-widget-text-editor" data-id="efd6e48" data-element_type="widget" data-widget_type="text-editor.default">
				<div class="elementor-widget-container">
							<p>Sed do eiusmod tempor incididunt ut labore.</p>						</div>
				</div>
				<div class="elementor-element elementor-element-816a9f5 elementor-widget elementor-widget-heading" data-id="816a9f5" data-element_type="widget" data-widget_type="heading.default">
				<div class="elementor-widget-container">
			<h5 class="elementor-heading-title elementor-size-default">Duis aute irure</h5>		</div>
				</div>
				<div class="elementor-element elementor-element-f103073 elementor-widget elementor-widget-text-editor" data-id="f103073" data-element_type="widget" data-widget_type="text-editor.default">
				<div class="elementor-widget-container">
							<p>Dolor sit amet, consectetur adipisicing elit, sed do eiusmod tempor incididunt ut labore.</p>						</div>
				</div>
					</div>
		</div>
							</div>
		</section>
				<section class="elementor-section elementor-inner-section elementor-element elementor-element-8df507f elementor-section-content-middle elementor-section-boxed elementor-section-height-default elementor-section-height-default" data-id="8df507f" data-element_type="section">
						<div class="elementor-container elementor-column-gap-no">
					<div class="elementor-column elementor-col-50 elementor-inner-column elementor-element elementor-element-cbdbd56" data-id="cbdbd56" data-element_type="column" data-settings="{&quot;background_background&quot;:&quot;classic&quot;}">
			<div class="elementor-widget-wrap elementor-element-populated">
								<div class="elementor-element elementor-element-e09b2b4 elementor-widget elementor-widget-heading" data-id="e09b2b4" data-element_type="widget" data-widget_type="heading.default">
				<div class="elementor-widget-container">
			<h4 class="elementor-heading-title elementor-size-default">More about the product</h4>		</div>
				</div>
				<div class="elementor-element elementor-element-a9b5d10 elementor-widget elementor-widget-text-editor" data-id="a9b5d10" data-element_type="widget" data-widget_type="text-editor.default">
				<div class="elementor-widget-container">
							<p>Lorem ipsum dolor sit amet, consectetur adipisicing elit, sed do eiusmod tempor incididunt ut labore et dolore magna aliqua. Ut enim ad minim veniam, quis nostrud exercitation ullamco laboris nisi ut aliquip ex ea commodo consequat. Duis aute irure dolor in.</p>						</div>
				</div>
					</div>
		</div>
				<div class="elementor-column elementor-col-50 elementor-inner-column elementor-element elementor-element-b24f79f" data-id="b24f79f" data-element_type="column" data-settings="{&quot;background_background&quot;:&quot;classic&quot;}">
			<div class="elementor-widget-wrap elementor-element-populated">
								<div class="elementor-element elementor-element-9608df1 elementor-widget elementor-widget-spacer" data-id="9608df1" data-element_type="widget" data-widget_type="spacer.default">
				<div class="elementor-widget-container">
					<div class="elementor-spacer">
			<div class="elementor-spacer-inner"></div>
		</div>
				</div>
				</div>
					</div>
		</div>
							</div>
		</section>
					</div>
		</div>
							</div>
		</section>
							</div>
		]]></content:encoded>
					
					<wfw:commentRss>./../../../prodotto/dark-blue-denim-jeans/feed/index.html</wfw:commentRss>
			<slash:comments>0</slash:comments>
		
		
			</item>
		<item>
		<title>Cronografo selfwinding</title>
		<link>./../../../prodotto/faint-washed-denim-blue-jeans/index.html</link>
					<comments>./../../../prodotto/faint-washed-denim-blue-jeans/index.html#respond</comments>
		
		<dc:creator><![CDATA[enrico.brilla]]></dc:creator>
		<pubDate>Wed, 20 Dec 2017 14:16:06 +0000</pubDate>
				<guid isPermaLink="false">./../../../prodotto/faint-washed-denim-blue-jeans/index.html</guid>

					<description><![CDATA[Il quadrante laccato blu intenso del cronografo a carica automatica offre una perfetta finitura a specchio. La cassa in oro rosa 18 carati riprende gli indici curvi in oro e il numero singolare a ore 12.]]></description>
										<content:encoded><![CDATA[		<div data-elementor-type="wp-post" data-elementor-id="340" class="elementor elementor-340">
									<section class="elementor-section elementor-top-section elementor-element elementor-element-f84f8e8 elementor-section-stretched elementor-section-boxed elementor-section-height-default elementor-section-height-default" data-id="f84f8e8" data-element_type="section" data-settings="{&quot;stretch_section&quot;:&quot;section-stretched&quot;}">
						<div class="elementor-container elementor-column-gap-no">
					<div class="elementor-column elementor-col-100 elementor-top-column elementor-element elementor-element-9c2d845" data-id="9c2d845" data-element_type="column">
			<div class="elementor-widget-wrap elementor-element-populated">
								<section class="elementor-section elementor-inner-section elementor-element elementor-element-adf89f9 elementor-section-boxed elementor-section-height-default elementor-section-height-default" data-id="adf89f9" data-element_type="section">
						<div class="elementor-container elementor-column-gap-no">
					<div class="elementor-column elementor-col-100 elementor-inner-column elementor-element elementor-element-2634b22" data-id="2634b22" data-element_type="column">
			<div class="elementor-widget-wrap elementor-element-populated">
								<div class="elementor-element elementor-element-d53dfcb elementor-widget elementor-widget-heading" data-id="d53dfcb" data-element_type="widget" data-widget_type="heading.default">
				<div class="elementor-widget-container">
			<h3 class="elementor-heading-title elementor-size-default">Product description</h3>		</div>
				</div>
				<div class="elementor-element elementor-element-37e0e58 elementor-widget elementor-widget-text-editor" data-id="37e0e58" data-element_type="widget" data-widget_type="text-editor.default">
				<div class="elementor-widget-container">
							<p>Since it&#8217;s creation lorem ipsum dolor sit amet, consectetur adipisicing elit, sed do eiusmod tempor incididunt ut labore et dolore magna aliqua. Ut enim ad minim veniam, quis nostrud exercitation ullamco laboris nisi ut aliquip ex ea commodo consequat. Duis aute irure dolor in reprehenderit in voluptate velit esse cillum dolore eu fugiat nulla pariatur. Excepteur sint occaecat cupidatat non proident, sunt in culpa qui officia deserunt mollit anim id est laborum.</p>						</div>
				</div>
				<div class="elementor-element elementor-element-5c28677 elementor-widget elementor-widget-text-editor" data-id="5c28677" data-element_type="widget" data-widget_type="text-editor.default">
				<div class="elementor-widget-container">
							<p>Duis aute irure dolor in reprehenderit in voluptate velit esse cillum dolore eu fugiat nulla pariatur. Excepteur sint occaecat cupidatat non proident.</p>						</div>
				</div>
					</div>
		</div>
							</div>
		</section>
				<section class="elementor-section elementor-inner-section elementor-element elementor-element-b2fee7b elementor-section-boxed elementor-section-height-default elementor-section-height-default" data-id="b2fee7b" data-element_type="section">
						<div class="elementor-container elementor-column-gap-no">
					<div class="elementor-column elementor-col-50 elementor-inner-column elementor-element elementor-element-964016f" data-id="964016f" data-element_type="column">
			<div class="elementor-widget-wrap elementor-element-populated">
								<div class="elementor-element elementor-element-0556de4 elementor-widget elementor-widget-image" data-id="0556de4" data-element_type="widget" data-widget_type="image.default">
				<div class="elementor-widget-container">
															<img decoding="async" width="600" height="600" src="./../../../wp-content/uploads/2017/12/product-about-01.jpg" class="attachment-full size-full wp-image-4132" alt="" srcset="./../../../wp-content/uploads/2017/12/product-about-01.jpg 600w, ./../../../wp-content/uploads/2017/12/product-about-01-420x420.jpg 420w, ./../../../wp-content/uploads/2017/12/product-about-01-100x100.jpg 100w" sizes="(max-width: 600px) 100vw, 600px" />															</div>
				</div>
					</div>
		</div>
				<div class="elementor-column elementor-col-50 elementor-inner-column elementor-element elementor-element-f7c248c" data-id="f7c248c" data-element_type="column">
			<div class="elementor-widget-wrap elementor-element-populated">
								<div class="elementor-element elementor-element-7ab96d1 elementor-widget elementor-widget-image" data-id="7ab96d1" data-element_type="widget" data-widget_type="image.default">
				<div class="elementor-widget-container">
															<img decoding="async" width="600" height="600" src="./../../../wp-content/uploads/2017/12/product-about-04.jpg" class="attachment-full size-full wp-image-4135" alt="" srcset="./../../../wp-content/uploads/2017/12/product-about-04.jpg 600w, ./../../../wp-content/uploads/2017/12/product-about-04-420x420.jpg 420w, ./../../../wp-content/uploads/2017/12/product-about-04-100x100.jpg 100w" sizes="(max-width: 600px) 100vw, 600px" />															</div>
				</div>
					</div>
		</div>
							</div>
		</section>
				<section class="elementor-section elementor-inner-section elementor-element elementor-element-32d41b7 elementor-section-content-middle elementor-reverse-mobile elementor-section-boxed elementor-section-height-default elementor-section-height-default" data-id="32d41b7" data-element_type="section">
						<div class="elementor-container elementor-column-gap-no">
					<div class="elementor-column elementor-col-50 elementor-inner-column elementor-element elementor-element-02247e9" data-id="02247e9" data-element_type="column" data-settings="{&quot;background_background&quot;:&quot;classic&quot;}">
			<div class="elementor-widget-wrap elementor-element-populated">
								<div class="elementor-element elementor-element-1d77025 elementor-widget elementor-widget-spacer" data-id="1d77025" data-element_type="widget" data-widget_type="spacer.default">
				<div class="elementor-widget-container">
					<div class="elementor-spacer">
			<div class="elementor-spacer-inner"></div>
		</div>
				</div>
				</div>
					</div>
		</div>
				<div class="elementor-column elementor-col-50 elementor-inner-column elementor-element elementor-element-21ba187" data-id="21ba187" data-element_type="column" data-settings="{&quot;background_background&quot;:&quot;classic&quot;}">
			<div class="elementor-widget-wrap elementor-element-populated">
								<div class="elementor-element elementor-element-f376c19 elementor-widget elementor-widget-heading" data-id="f376c19" data-element_type="widget" data-widget_type="heading.default">
				<div class="elementor-widget-container">
			<h5 class="elementor-heading-title elementor-size-default">Ut enim ad minim</h5>		</div>
				</div>
				<div class="elementor-element elementor-element-f6cb284 elementor-widget elementor-widget-text-editor" data-id="f6cb284" data-element_type="widget" data-widget_type="text-editor.default">
				<div class="elementor-widget-container">
							<p>Lorem ipsum dolor sit amet, consectetur adipisicing elit, sed do eiusmod tempor incididunt.</p>						</div>
				</div>
				<div class="elementor-element elementor-element-0f6bde1 elementor-widget elementor-widget-heading" data-id="0f6bde1" data-element_type="widget" data-widget_type="heading.default">
				<div class="elementor-widget-container">
			<h5 class="elementor-heading-title elementor-size-default">Quis nostrud</h5>		</div>
				</div>
				<div class="elementor-element elementor-element-70a77f1 elementor-widget elementor-widget-text-editor" data-id="70a77f1" data-element_type="widget" data-widget_type="text-editor.default">
				<div class="elementor-widget-container">
							<p>Sed do eiusmod tempor incididunt ut labore.</p>						</div>
				</div>
				<div class="elementor-element elementor-element-167a8ed elementor-widget elementor-widget-heading" data-id="167a8ed" data-element_type="widget" data-widget_type="heading.default">
				<div class="elementor-widget-container">
			<h5 class="elementor-heading-title elementor-size-default">Duis aute irure</h5>		</div>
				</div>
				<div class="elementor-element elementor-element-442f9c4 elementor-widget elementor-widget-text-editor" data-id="442f9c4" data-element_type="widget" data-widget_type="text-editor.default">
				<div class="elementor-widget-container">
							<p>Dolor sit amet, consectetur adipisicing elit, sed do eiusmod tempor incididunt ut labore.</p>						</div>
				</div>
					</div>
		</div>
							</div>
		</section>
				<section class="elementor-section elementor-inner-section elementor-element elementor-element-83f96da elementor-section-content-middle elementor-section-boxed elementor-section-height-default elementor-section-height-default" data-id="83f96da" data-element_type="section">
						<div class="elementor-container elementor-column-gap-no">
					<div class="elementor-column elementor-col-50 elementor-inner-column elementor-element elementor-element-dad27c3" data-id="dad27c3" data-element_type="column" data-settings="{&quot;background_background&quot;:&quot;classic&quot;}">
			<div class="elementor-widget-wrap elementor-element-populated">
								<div class="elementor-element elementor-element-447a043 elementor-widget elementor-widget-heading" data-id="447a043" data-element_type="widget" data-widget_type="heading.default">
				<div class="elementor-widget-container">
			<h4 class="elementor-heading-title elementor-size-default">More about the product</h4>		</div>
				</div>
				<div class="elementor-element elementor-element-41e931b elementor-widget elementor-widget-text-editor" data-id="41e931b" data-element_type="widget" data-widget_type="text-editor.default">
				<div class="elementor-widget-container">
							<p>Lorem ipsum dolor sit amet, consectetur adipisicing elit, sed do eiusmod tempor incididunt ut labore et dolore magna aliqua. Ut enim ad minim veniam, quis nostrud exercitation ullamco laboris nisi ut aliquip ex ea commodo consequat. Duis aute irure dolor in.</p>						</div>
				</div>
					</div>
		</div>
				<div class="elementor-column elementor-col-50 elementor-inner-column elementor-element elementor-element-f552b9e" data-id="f552b9e" data-element_type="column" data-settings="{&quot;background_background&quot;:&quot;classic&quot;}">
			<div class="elementor-widget-wrap elementor-element-populated">
								<div class="elementor-element elementor-element-e15e82a elementor-widget elementor-widget-spacer" data-id="e15e82a" data-element_type="widget" data-widget_type="spacer.default">
				<div class="elementor-widget-container">
					<div class="elementor-spacer">
			<div class="elementor-spacer-inner"></div>
		</div>
				</div>
				</div>
					</div>
		</div>
							</div>
		</section>
					</div>
		</div>
							</div>
		</section>
							</div>
		]]></content:encoded>
					
					<wfw:commentRss>./../../../prodotto/faint-washed-denim-blue-jeans/feed/index.html</wfw:commentRss>
			<slash:comments>0</slash:comments>
		
		
			</item>
	</channel>
</rss>
