<?xml version="1.0" encoding="UTF-8"?><rss version="2.0"
	xmlns:content="http://purl.org/rss/1.0/modules/content/"
	xmlns:dc="http://purl.org/dc/elements/1.1/"
	xmlns:atom="http://www.w3.org/2005/Atom"
	xmlns:sy="http://purl.org/rss/1.0/modules/syndication/"
	
	>
<channel>
	<title>
	Commenti a: Marketing Funnel: cos’è e come crearne uno efficace	</title>
	<atom:link href="http://localhost/wordpressesercizio2/2021/07/18/in-viverra-faucibus-tellus-sed-cursus-quam-fringilla-sit-amet-6/feed/?simply_static_page=138" rel="self" type="application/rss+xml" />
	<link>/2021/07/18/in-viverra-faucibus-tellus-sed-cursus-quam-fringilla-sit-amet-6/</link>
	<description></description>
	<lastBuildDate>Wed, 01 Mar 2023 16:06:18 +0000</lastBuildDate>
	<sy:updatePeriod>
	hourly	</sy:updatePeriod>
	<sy:updateFrequency>
	1	</sy:updateFrequency>
	<generator>https://wordpress.org/?v=6.1.1</generator>
</channel>
</rss>
