<?xml version="1.0" encoding="UTF-8"?><rss version="2.0"
	xmlns:content="http://purl.org/rss/1.0/modules/content/"
	xmlns:wfw="http://wellformedweb.org/CommentAPI/"
	xmlns:dc="http://purl.org/dc/elements/1.1/"
	xmlns:atom="http://www.w3.org/2005/Atom"
	xmlns:sy="http://purl.org/rss/1.0/modules/syndication/"
	xmlns:slash="http://purl.org/rss/1.0/modules/slash/"
	
	xmlns:georss="http://www.georss.org/georss"
	xmlns:geo="http://www.w3.org/2003/01/geo/wgs84_pos#"
	>

<channel>
	<title>Omega</title>
	<atom:link href="http://localhost/woocomercex/categoria-prodotto/omega/feed/?simply_static_page=576" rel="self" type="application/rss+xml" />
	<link>./../../../index.html</link>
	<description></description>
	<lastBuildDate>Tue, 21 Mar 2023 13:42:11 +0000</lastBuildDate>
	<language>it-IT</language>
	<sy:updatePeriod>
	hourly	</sy:updatePeriod>
	<sy:updateFrequency>
	1	</sy:updateFrequency>
	<generator>https://wordpress.org/?v=6.1.1</generator>
	<item>
		<title>Omega seamaster</title>
		<link>./../../../prodotto/dnk-red-shoes/index.html</link>
					<comments>./../../../prodotto/dnk-red-shoes/index.html#respond</comments>
		
		<dc:creator><![CDATA[enrico.brilla]]></dc:creator>
		<pubDate>Thu, 21 Dec 2017 03:37:26 +0000</pubDate>
				<guid isPermaLink="false">./../../../prodotto/dnk-red-shoes/index.html</guid>

					<description><![CDATA[Questo Speedmaster da 44,25 mm in acciaio inossidabile è il primo orologio OMEGA dotato della tecnologia Spirate™ rilasciata nel 2023.

Il quadrante “sandwich” nero con motivo a nido d’ape - distintivo anche della peculiare minuteria da corsa da cui lo Speedmaster Super Racing prende il nome - è incorniciato da una lunetta in ceramica nera con scala tachimetrica in smalto giallo “Grand Feu”.]]></description>
										<content:encoded><![CDATA[		<div data-elementor-type="wp-post" data-elementor-id="361" class="elementor elementor-361">
									<section class="elementor-section elementor-top-section elementor-element elementor-element-2aa125b elementor-section-stretched elementor-section-boxed elementor-section-height-default elementor-section-height-default" data-id="2aa125b" data-element_type="section" data-settings="{&quot;stretch_section&quot;:&quot;section-stretched&quot;}">
						<div class="elementor-container elementor-column-gap-no">
					<div class="elementor-column elementor-col-100 elementor-top-column elementor-element elementor-element-f92e2c3" data-id="f92e2c3" data-element_type="column">
			<div class="elementor-widget-wrap elementor-element-populated">
								<section class="elementor-section elementor-inner-section elementor-element elementor-element-a01628e elementor-section-boxed elementor-section-height-default elementor-section-height-default" data-id="a01628e" data-element_type="section">
						<div class="elementor-container elementor-column-gap-no">
					<div class="elementor-column elementor-col-100 elementor-inner-column elementor-element elementor-element-7c79964" data-id="7c79964" data-element_type="column">
			<div class="elementor-widget-wrap elementor-element-populated">
								<div class="elementor-element elementor-element-081a75a elementor-widget elementor-widget-heading" data-id="081a75a" data-element_type="widget" data-widget_type="heading.default">
				<div class="elementor-widget-container">
			<style>/*! elementor - v3.11.5 - 14-03-2023 */
.elementor-heading-title{padding:0;margin:0;line-height:1}.elementor-widget-heading .elementor-heading-title[class*=elementor-size-]>a{color:inherit;font-size:inherit;line-height:inherit}.elementor-widget-heading .elementor-heading-title.elementor-size-small{font-size:15px}.elementor-widget-heading .elementor-heading-title.elementor-size-medium{font-size:19px}.elementor-widget-heading .elementor-heading-title.elementor-size-large{font-size:29px}.elementor-widget-heading .elementor-heading-title.elementor-size-xl{font-size:39px}.elementor-widget-heading .elementor-heading-title.elementor-size-xxl{font-size:59px}</style><h3 class="elementor-heading-title elementor-size-default">Product description</h3>		</div>
				</div>
				<div class="elementor-element elementor-element-728d380 elementor-widget elementor-widget-text-editor" data-id="728d380" data-element_type="widget" data-widget_type="text-editor.default">
				<div class="elementor-widget-container">
			<style>/*! elementor - v3.11.5 - 14-03-2023 */
.elementor-widget-text-editor.elementor-drop-cap-view-stacked .elementor-drop-cap{background-color:#818a91;color:#fff}.elementor-widget-text-editor.elementor-drop-cap-view-framed .elementor-drop-cap{color:#818a91;border:3px solid;background-color:transparent}.elementor-widget-text-editor:not(.elementor-drop-cap-view-default) .elementor-drop-cap{margin-top:8px}.elementor-widget-text-editor:not(.elementor-drop-cap-view-default) .elementor-drop-cap-letter{width:1em;height:1em}.elementor-widget-text-editor .elementor-drop-cap{float:left;text-align:center;line-height:1;font-size:50px}.elementor-widget-text-editor .elementor-drop-cap-letter{display:inline-block}</style>				<p>Since it&#8217;s creation lorem ipsum dolor sit amet, consectetur adipisicing elit, sed do eiusmod tempor incididunt ut labore et dolore magna aliqua. Ut enim ad minim veniam, quis nostrud exercitation ullamco laboris nisi ut aliquip ex ea commodo consequat. Duis aute irure dolor in reprehenderit in voluptate velit esse cillum dolore eu fugiat nulla pariatur. Excepteur sint occaecat cupidatat non proident, sunt in culpa qui officia deserunt mollit anim id est laborum.</p>						</div>
				</div>
				<div class="elementor-element elementor-element-be122f8 elementor-widget elementor-widget-text-editor" data-id="be122f8" data-element_type="widget" data-widget_type="text-editor.default">
				<div class="elementor-widget-container">
							<p>Duis aute irure dolor in reprehenderit in voluptate velit esse cillum dolore eu fugiat nulla pariatur. Excepteur sint occaecat cupidatat non proident.</p>						</div>
				</div>
					</div>
		</div>
							</div>
		</section>
				<section class="elementor-section elementor-inner-section elementor-element elementor-element-08a6b38 elementor-section-boxed elementor-section-height-default elementor-section-height-default" data-id="08a6b38" data-element_type="section">
						<div class="elementor-container elementor-column-gap-no">
					<div class="elementor-column elementor-col-50 elementor-inner-column elementor-element elementor-element-8f12da7" data-id="8f12da7" data-element_type="column">
			<div class="elementor-widget-wrap elementor-element-populated">
								<div class="elementor-element elementor-element-df452eb elementor-widget elementor-widget-image" data-id="df452eb" data-element_type="widget" data-widget_type="image.default">
				<div class="elementor-widget-container">
			<style>/*! elementor - v3.11.5 - 14-03-2023 */
.elementor-widget-image{text-align:center}.elementor-widget-image a{display:inline-block}.elementor-widget-image a img[src$=".svg"]{width:48px}.elementor-widget-image img{vertical-align:middle;display:inline-block}</style>												<img decoding="async" width="600" height="600" src="./../../../wp-content/uploads/2017/12/product-about-01.jpg" class="attachment-full size-full wp-image-4132" alt="" srcset="./../../../wp-content/uploads/2017/12/product-about-01.jpg 600w, ./../../../wp-content/uploads/2017/12/product-about-01-420x420.jpg 420w, ./../../../wp-content/uploads/2017/12/product-about-01-100x100.jpg 100w" sizes="(max-width: 600px) 100vw, 600px" />															</div>
				</div>
					</div>
		</div>
				<div class="elementor-column elementor-col-50 elementor-inner-column elementor-element elementor-element-ca9a173" data-id="ca9a173" data-element_type="column">
			<div class="elementor-widget-wrap elementor-element-populated">
								<div class="elementor-element elementor-element-4ef068b elementor-widget elementor-widget-image" data-id="4ef068b" data-element_type="widget" data-widget_type="image.default">
				<div class="elementor-widget-container">
															<img decoding="async" width="600" height="600" src="./../../../wp-content/uploads/2017/12/product-about-04.jpg" class="attachment-full size-full wp-image-4135" alt="" srcset="./../../../wp-content/uploads/2017/12/product-about-04.jpg 600w, ./../../../wp-content/uploads/2017/12/product-about-04-420x420.jpg 420w, ./../../../wp-content/uploads/2017/12/product-about-04-100x100.jpg 100w" sizes="(max-width: 600px) 100vw, 600px" />															</div>
				</div>
					</div>
		</div>
							</div>
		</section>
				<section class="elementor-section elementor-inner-section elementor-element elementor-element-734849e elementor-section-content-middle elementor-reverse-mobile elementor-section-boxed elementor-section-height-default elementor-section-height-default" data-id="734849e" data-element_type="section">
						<div class="elementor-container elementor-column-gap-no">
					<div class="elementor-column elementor-col-50 elementor-inner-column elementor-element elementor-element-a7da3f3" data-id="a7da3f3" data-element_type="column" data-settings="{&quot;background_background&quot;:&quot;classic&quot;}">
			<div class="elementor-widget-wrap elementor-element-populated">
								<div class="elementor-element elementor-element-467d412 elementor-widget elementor-widget-spacer" data-id="467d412" data-element_type="widget" data-widget_type="spacer.default">
				<div class="elementor-widget-container">
			<style>/*! elementor - v3.11.5 - 14-03-2023 */
.elementor-column .elementor-spacer-inner{height:var(--spacer-size)}.e-con{--container-widget-width:100%}.e-con-inner>.elementor-widget-spacer,.e-con>.elementor-widget-spacer{width:var(--container-widget-width,var(--spacer-size));--align-self:var(--container-widget-align-self,initial);--flex-shrink:0}.e-con-inner>.elementor-widget-spacer>.elementor-widget-container,.e-con-inner>.elementor-widget-spacer>.elementor-widget-container>.elementor-spacer,.e-con>.elementor-widget-spacer>.elementor-widget-container,.e-con>.elementor-widget-spacer>.elementor-widget-container>.elementor-spacer{height:100%}.e-con-inner>.elementor-widget-spacer>.elementor-widget-container>.elementor-spacer>.elementor-spacer-inner,.e-con>.elementor-widget-spacer>.elementor-widget-container>.elementor-spacer>.elementor-spacer-inner{height:var(--container-widget-height,var(--spacer-size))}</style>		<div class="elementor-spacer">
			<div class="elementor-spacer-inner"></div>
		</div>
				</div>
				</div>
					</div>
		</div>
				<div class="elementor-column elementor-col-50 elementor-inner-column elementor-element elementor-element-63f14f0" data-id="63f14f0" data-element_type="column" data-settings="{&quot;background_background&quot;:&quot;classic&quot;}">
			<div class="elementor-widget-wrap elementor-element-populated">
								<div class="elementor-element elementor-element-7e0016b elementor-widget elementor-widget-heading" data-id="7e0016b" data-element_type="widget" data-widget_type="heading.default">
				<div class="elementor-widget-container">
			<h5 class="elementor-heading-title elementor-size-default">Ut enim ad minim</h5>		</div>
				</div>
				<div class="elementor-element elementor-element-80b34b3 elementor-widget elementor-widget-text-editor" data-id="80b34b3" data-element_type="widget" data-widget_type="text-editor.default">
				<div class="elementor-widget-container">
							<p>Lorem ipsum dolor sit amet, consectetur adipisicing elit, sed do eiusmod tempor incididunt.</p>						</div>
				</div>
				<div class="elementor-element elementor-element-a07aa0b elementor-widget elementor-widget-heading" data-id="a07aa0b" data-element_type="widget" data-widget_type="heading.default">
				<div class="elementor-widget-container">
			<h5 class="elementor-heading-title elementor-size-default">Quis nostrud</h5>		</div>
				</div>
				<div class="elementor-element elementor-element-a3b0030 elementor-widget elementor-widget-text-editor" data-id="a3b0030" data-element_type="widget" data-widget_type="text-editor.default">
				<div class="elementor-widget-container">
							<p>Sed do eiusmod tempor incididunt ut labore.</p>						</div>
				</div>
				<div class="elementor-element elementor-element-9128052 elementor-widget elementor-widget-heading" data-id="9128052" data-element_type="widget" data-widget_type="heading.default">
				<div class="elementor-widget-container">
			<h5 class="elementor-heading-title elementor-size-default">Duis aute irure</h5>		</div>
				</div>
				<div class="elementor-element elementor-element-641112a elementor-widget elementor-widget-text-editor" data-id="641112a" data-element_type="widget" data-widget_type="text-editor.default">
				<div class="elementor-widget-container">
							<p>Dolor sit amet, consectetur adipisicing elit, sed do eiusmod tempor incididunt ut labore.</p>						</div>
				</div>
					</div>
		</div>
							</div>
		</section>
				<section class="elementor-section elementor-inner-section elementor-element elementor-element-af54a6b elementor-section-content-middle elementor-section-boxed elementor-section-height-default elementor-section-height-default" data-id="af54a6b" data-element_type="section">
						<div class="elementor-container elementor-column-gap-no">
					<div class="elementor-column elementor-col-50 elementor-inner-column elementor-element elementor-element-5910672" data-id="5910672" data-element_type="column" data-settings="{&quot;background_background&quot;:&quot;classic&quot;}">
			<div class="elementor-widget-wrap elementor-element-populated">
								<div class="elementor-element elementor-element-ddfc625 elementor-widget elementor-widget-heading" data-id="ddfc625" data-element_type="widget" data-widget_type="heading.default">
				<div class="elementor-widget-container">
			<h4 class="elementor-heading-title elementor-size-default">More about the product</h4>		</div>
				</div>
				<div class="elementor-element elementor-element-4bb0699 elementor-widget elementor-widget-text-editor" data-id="4bb0699" data-element_type="widget" data-widget_type="text-editor.default">
				<div class="elementor-widget-container">
							<p>Lorem ipsum dolor sit amet, consectetur adipisicing elit, sed do eiusmod tempor incididunt ut labore et dolore magna aliqua. Ut enim ad minim veniam, quis nostrud exercitation ullamco laboris nisi ut aliquip ex ea commodo consequat. Duis aute irure dolor in.</p>						</div>
				</div>
					</div>
		</div>
				<div class="elementor-column elementor-col-50 elementor-inner-column elementor-element elementor-element-fe0704d" data-id="fe0704d" data-element_type="column" data-settings="{&quot;background_background&quot;:&quot;classic&quot;}">
			<div class="elementor-widget-wrap elementor-element-populated">
								<div class="elementor-element elementor-element-2bea973 elementor-widget elementor-widget-spacer" data-id="2bea973" data-element_type="widget" data-widget_type="spacer.default">
				<div class="elementor-widget-container">
					<div class="elementor-spacer">
			<div class="elementor-spacer-inner"></div>
		</div>
				</div>
				</div>
					</div>
		</div>
							</div>
		</section>
					</div>
		</div>
							</div>
		</section>
							</div>
		]]></content:encoded>
					
					<wfw:commentRss>./../../../prodotto/dnk-red-shoes/feed/index.html</wfw:commentRss>
			<slash:comments>0</slash:comments>
		
		
			</item>
		<item>
		<title>Omega speed Master</title>
		<link>./../../../prodotto/dnk-blue-shoes/index.html</link>
					<comments>./../../../prodotto/dnk-blue-shoes/index.html#respond</comments>
		
		<dc:creator><![CDATA[enrico.brilla]]></dc:creator>
		<pubDate>Thu, 21 Dec 2017 03:37:21 +0000</pubDate>
				<guid isPermaLink="false">./../../../prodotto/dnk-blue-shoes/index.html</guid>

					<description><![CDATA[]]></description>
										<content:encoded><![CDATA[		<div data-elementor-type="wp-post" data-elementor-id="360" class="elementor elementor-360">
									<section class="elementor-section elementor-top-section elementor-element elementor-element-d0f7a27 elementor-section-stretched elementor-section-boxed elementor-section-height-default elementor-section-height-default" data-id="d0f7a27" data-element_type="section" data-settings="{&quot;stretch_section&quot;:&quot;section-stretched&quot;}">
						<div class="elementor-container elementor-column-gap-no">
					<div class="elementor-column elementor-col-100 elementor-top-column elementor-element elementor-element-01cf0f7" data-id="01cf0f7" data-element_type="column">
			<div class="elementor-widget-wrap elementor-element-populated">
								<section class="elementor-section elementor-inner-section elementor-element elementor-element-9b41289 elementor-section-boxed elementor-section-height-default elementor-section-height-default" data-id="9b41289" data-element_type="section">
						<div class="elementor-container elementor-column-gap-no">
					<div class="elementor-column elementor-col-100 elementor-inner-column elementor-element elementor-element-de583a8" data-id="de583a8" data-element_type="column">
			<div class="elementor-widget-wrap elementor-element-populated">
								<div class="elementor-element elementor-element-f439e36 elementor-widget elementor-widget-heading" data-id="f439e36" data-element_type="widget" data-widget_type="heading.default">
				<div class="elementor-widget-container">
			<h3 class="elementor-heading-title elementor-size-default">Product description</h3>		</div>
				</div>
				<div class="elementor-element elementor-element-4e2c4ac elementor-widget elementor-widget-text-editor" data-id="4e2c4ac" data-element_type="widget" data-widget_type="text-editor.default">
				<div class="elementor-widget-container">
							<p>Since it&#8217;s creation lorem ipsum dolor sit amet, consectetur adipisicing elit, sed do eiusmod tempor incididunt ut labore et dolore magna aliqua. Ut enim ad minim veniam, quis nostrud exercitation ullamco laboris nisi ut aliquip ex ea commodo consequat. Duis aute irure dolor in reprehenderit in voluptate velit esse cillum dolore eu fugiat nulla pariatur. Excepteur sint occaecat cupidatat non proident, sunt in culpa qui officia deserunt mollit anim id est laborum.</p>						</div>
				</div>
				<div class="elementor-element elementor-element-cf72c4e elementor-widget elementor-widget-text-editor" data-id="cf72c4e" data-element_type="widget" data-widget_type="text-editor.default">
				<div class="elementor-widget-container">
							<p>Duis aute irure dolor in reprehenderit in voluptate velit esse cillum dolore eu fugiat nulla pariatur. Excepteur sint occaecat cupidatat non proident.</p>						</div>
				</div>
					</div>
		</div>
							</div>
		</section>
				<section class="elementor-section elementor-inner-section elementor-element elementor-element-76a8cfe elementor-section-boxed elementor-section-height-default elementor-section-height-default" data-id="76a8cfe" data-element_type="section">
						<div class="elementor-container elementor-column-gap-no">
					<div class="elementor-column elementor-col-50 elementor-inner-column elementor-element elementor-element-8db3826" data-id="8db3826" data-element_type="column">
			<div class="elementor-widget-wrap elementor-element-populated">
								<div class="elementor-element elementor-element-96215ed elementor-widget elementor-widget-image" data-id="96215ed" data-element_type="widget" data-widget_type="image.default">
				<div class="elementor-widget-container">
															<img decoding="async" width="600" height="600" src="./../../../wp-content/uploads/2017/12/product-about-01.jpg" class="attachment-full size-full wp-image-4132" alt="" srcset="./../../../wp-content/uploads/2017/12/product-about-01.jpg 600w, ./../../../wp-content/uploads/2017/12/product-about-01-420x420.jpg 420w, ./../../../wp-content/uploads/2017/12/product-about-01-100x100.jpg 100w" sizes="(max-width: 600px) 100vw, 600px" />															</div>
				</div>
					</div>
		</div>
				<div class="elementor-column elementor-col-50 elementor-inner-column elementor-element elementor-element-2680567" data-id="2680567" data-element_type="column">
			<div class="elementor-widget-wrap elementor-element-populated">
								<div class="elementor-element elementor-element-6b760db elementor-widget elementor-widget-image" data-id="6b760db" data-element_type="widget" data-widget_type="image.default">
				<div class="elementor-widget-container">
															<img decoding="async" width="600" height="600" src="./../../../wp-content/uploads/2017/12/product-about-04.jpg" class="attachment-full size-full wp-image-4135" alt="" srcset="./../../../wp-content/uploads/2017/12/product-about-04.jpg 600w, ./../../../wp-content/uploads/2017/12/product-about-04-420x420.jpg 420w, ./../../../wp-content/uploads/2017/12/product-about-04-100x100.jpg 100w" sizes="(max-width: 600px) 100vw, 600px" />															</div>
				</div>
					</div>
		</div>
							</div>
		</section>
				<section class="elementor-section elementor-inner-section elementor-element elementor-element-b8e62de elementor-section-content-middle elementor-reverse-mobile elementor-section-boxed elementor-section-height-default elementor-section-height-default" data-id="b8e62de" data-element_type="section">
						<div class="elementor-container elementor-column-gap-no">
					<div class="elementor-column elementor-col-50 elementor-inner-column elementor-element elementor-element-66cdef6" data-id="66cdef6" data-element_type="column" data-settings="{&quot;background_background&quot;:&quot;classic&quot;}">
			<div class="elementor-widget-wrap elementor-element-populated">
								<div class="elementor-element elementor-element-7a85054 elementor-widget elementor-widget-spacer" data-id="7a85054" data-element_type="widget" data-widget_type="spacer.default">
				<div class="elementor-widget-container">
					<div class="elementor-spacer">
			<div class="elementor-spacer-inner"></div>
		</div>
				</div>
				</div>
					</div>
		</div>
				<div class="elementor-column elementor-col-50 elementor-inner-column elementor-element elementor-element-68a80ce" data-id="68a80ce" data-element_type="column" data-settings="{&quot;background_background&quot;:&quot;classic&quot;}">
			<div class="elementor-widget-wrap elementor-element-populated">
								<div class="elementor-element elementor-element-16db2a0 elementor-widget elementor-widget-heading" data-id="16db2a0" data-element_type="widget" data-widget_type="heading.default">
				<div class="elementor-widget-container">
			<h5 class="elementor-heading-title elementor-size-default">Ut enim ad minim</h5>		</div>
				</div>
				<div class="elementor-element elementor-element-988509c elementor-widget elementor-widget-text-editor" data-id="988509c" data-element_type="widget" data-widget_type="text-editor.default">
				<div class="elementor-widget-container">
							<p>Lorem ipsum dolor sit amet, consectetur adipisicing elit, sed do eiusmod tempor incididunt.</p>						</div>
				</div>
				<div class="elementor-element elementor-element-8c738c0 elementor-widget elementor-widget-heading" data-id="8c738c0" data-element_type="widget" data-widget_type="heading.default">
				<div class="elementor-widget-container">
			<h5 class="elementor-heading-title elementor-size-default">Quis nostrud</h5>		</div>
				</div>
				<div class="elementor-element elementor-element-4d87a2b elementor-widget elementor-widget-text-editor" data-id="4d87a2b" data-element_type="widget" data-widget_type="text-editor.default">
				<div class="elementor-widget-container">
							<p>Sed do eiusmod tempor incididunt ut labore.</p>						</div>
				</div>
				<div class="elementor-element elementor-element-cfef681 elementor-widget elementor-widget-heading" data-id="cfef681" data-element_type="widget" data-widget_type="heading.default">
				<div class="elementor-widget-container">
			<h5 class="elementor-heading-title elementor-size-default">Duis aute irure</h5>		</div>
				</div>
				<div class="elementor-element elementor-element-4a3e079 elementor-widget elementor-widget-text-editor" data-id="4a3e079" data-element_type="widget" data-widget_type="text-editor.default">
				<div class="elementor-widget-container">
							<p>Dolor sit amet, consectetur adipisicing elit, sed do eiusmod tempor incididunt ut labore.</p>						</div>
				</div>
					</div>
		</div>
							</div>
		</section>
				<section class="elementor-section elementor-inner-section elementor-element elementor-element-aad01a5 elementor-section-content-middle elementor-section-boxed elementor-section-height-default elementor-section-height-default" data-id="aad01a5" data-element_type="section">
						<div class="elementor-container elementor-column-gap-no">
					<div class="elementor-column elementor-col-50 elementor-inner-column elementor-element elementor-element-618c310" data-id="618c310" data-element_type="column" data-settings="{&quot;background_background&quot;:&quot;classic&quot;}">
			<div class="elementor-widget-wrap elementor-element-populated">
								<div class="elementor-element elementor-element-22d019d elementor-widget elementor-widget-heading" data-id="22d019d" data-element_type="widget" data-widget_type="heading.default">
				<div class="elementor-widget-container">
			<h4 class="elementor-heading-title elementor-size-default">More about the product</h4>		</div>
				</div>
				<div class="elementor-element elementor-element-5c771c3 elementor-widget elementor-widget-text-editor" data-id="5c771c3" data-element_type="widget" data-widget_type="text-editor.default">
				<div class="elementor-widget-container">
							<p>Lorem ipsum dolor sit amet, consectetur adipisicing elit, sed do eiusmod tempor incididunt ut labore et dolore magna aliqua. Ut enim ad minim veniam, quis nostrud exercitation ullamco laboris nisi ut aliquip ex ea commodo consequat. Duis aute irure dolor in.</p>						</div>
				</div>
					</div>
		</div>
				<div class="elementor-column elementor-col-50 elementor-inner-column elementor-element elementor-element-e837f12" data-id="e837f12" data-element_type="column" data-settings="{&quot;background_background&quot;:&quot;classic&quot;}">
			<div class="elementor-widget-wrap elementor-element-populated">
								<div class="elementor-element elementor-element-60d055a elementor-widget elementor-widget-spacer" data-id="60d055a" data-element_type="widget" data-widget_type="spacer.default">
				<div class="elementor-widget-container">
					<div class="elementor-spacer">
			<div class="elementor-spacer-inner"></div>
		</div>
				</div>
				</div>
					</div>
		</div>
							</div>
		</section>
					</div>
		</div>
							</div>
		</section>
							</div>
		]]></content:encoded>
					
					<wfw:commentRss>./../../../prodotto/dnk-blue-shoes/feed/index.html</wfw:commentRss>
			<slash:comments>0</slash:comments>
		
		
			</item>
		<item>
		<title>Omega De ville ladymatic</title>
		<link>./../../../prodotto/dark-brown-jeans/index.html</link>
					<comments>./../../../prodotto/dark-brown-jeans/index.html#respond</comments>
		
		<dc:creator><![CDATA[enrico.brilla]]></dc:creator>
		<pubDate>Wed, 20 Dec 2017 13:16:27 +0000</pubDate>
				<guid isPermaLink="false">./../../../prodotto/dark-brown-jeans/index.html</guid>

					<description><![CDATA[Lanciato per la prima volta nel 1955, il Ladymatic fu uno dei primi orologi automatici progettati appositamente per un pubblico femminile. Mezzo secolo dopo, OMEGA ne ha rinnovato il nome e attualizzato la linea.]]></description>
										<content:encoded><![CDATA[		<div data-elementor-type="wp-post" data-elementor-id="349" class="elementor elementor-349">
									<section class="elementor-section elementor-top-section elementor-element elementor-element-b03e810 elementor-section-stretched elementor-section-boxed elementor-section-height-default elementor-section-height-default" data-id="b03e810" data-element_type="section" data-settings="{&quot;stretch_section&quot;:&quot;section-stretched&quot;}">
						<div class="elementor-container elementor-column-gap-no">
					<div class="elementor-column elementor-col-100 elementor-top-column elementor-element elementor-element-1c37bfa" data-id="1c37bfa" data-element_type="column">
			<div class="elementor-widget-wrap elementor-element-populated">
								<section class="elementor-section elementor-inner-section elementor-element elementor-element-1abf3f6 elementor-section-boxed elementor-section-height-default elementor-section-height-default" data-id="1abf3f6" data-element_type="section">
						<div class="elementor-container elementor-column-gap-no">
					<div class="elementor-column elementor-col-100 elementor-inner-column elementor-element elementor-element-25a5124" data-id="25a5124" data-element_type="column">
			<div class="elementor-widget-wrap elementor-element-populated">
								<div class="elementor-element elementor-element-a646fd3 elementor-widget elementor-widget-heading" data-id="a646fd3" data-element_type="widget" data-widget_type="heading.default">
				<div class="elementor-widget-container">
			<h3 class="elementor-heading-title elementor-size-default">Product description</h3>		</div>
				</div>
				<div class="elementor-element elementor-element-bce9c47 elementor-widget elementor-widget-text-editor" data-id="bce9c47" data-element_type="widget" data-widget_type="text-editor.default">
				<div class="elementor-widget-container">
							<p>Since it&#8217;s creation lorem ipsum dolor sit amet, consectetur adipisicing elit, sed do eiusmod tempor incididunt ut labore et dolore magna aliqua. Ut enim ad minim veniam, quis nostrud exercitation ullamco laboris nisi ut aliquip ex ea commodo consequat. Duis aute irure dolor in reprehenderit in voluptate velit esse cillum dolore eu fugiat nulla pariatur. Excepteur sint occaecat cupidatat non proident, sunt in culpa qui officia deserunt mollit anim id est laborum.</p>						</div>
				</div>
				<div class="elementor-element elementor-element-614ba4f elementor-widget elementor-widget-text-editor" data-id="614ba4f" data-element_type="widget" data-widget_type="text-editor.default">
				<div class="elementor-widget-container">
							<p>Duis aute irure dolor in reprehenderit in voluptate velit esse cillum dolore eu fugiat nulla pariatur. Excepteur sint occaecat cupidatat non proident.</p>						</div>
				</div>
					</div>
		</div>
							</div>
		</section>
				<section class="elementor-section elementor-inner-section elementor-element elementor-element-ab2750e elementor-section-boxed elementor-section-height-default elementor-section-height-default" data-id="ab2750e" data-element_type="section">
						<div class="elementor-container elementor-column-gap-no">
					<div class="elementor-column elementor-col-50 elementor-inner-column elementor-element elementor-element-b8e774e" data-id="b8e774e" data-element_type="column">
			<div class="elementor-widget-wrap elementor-element-populated">
								<div class="elementor-element elementor-element-dfaa899 elementor-widget elementor-widget-image" data-id="dfaa899" data-element_type="widget" data-widget_type="image.default">
				<div class="elementor-widget-container">
															<img decoding="async" width="600" height="600" src="./../../../wp-content/uploads/2017/12/product-about-01.jpg" class="attachment-full size-full wp-image-4132" alt="" srcset="./../../../wp-content/uploads/2017/12/product-about-01.jpg 600w, ./../../../wp-content/uploads/2017/12/product-about-01-420x420.jpg 420w, ./../../../wp-content/uploads/2017/12/product-about-01-100x100.jpg 100w" sizes="(max-width: 600px) 100vw, 600px" />															</div>
				</div>
					</div>
		</div>
				<div class="elementor-column elementor-col-50 elementor-inner-column elementor-element elementor-element-cf94e55" data-id="cf94e55" data-element_type="column">
			<div class="elementor-widget-wrap elementor-element-populated">
								<div class="elementor-element elementor-element-703acec elementor-widget elementor-widget-image" data-id="703acec" data-element_type="widget" data-widget_type="image.default">
				<div class="elementor-widget-container">
															<img decoding="async" width="600" height="600" src="./../../../wp-content/uploads/2017/12/product-about-04.jpg" class="attachment-full size-full wp-image-4135" alt="" srcset="./../../../wp-content/uploads/2017/12/product-about-04.jpg 600w, ./../../../wp-content/uploads/2017/12/product-about-04-420x420.jpg 420w, ./../../../wp-content/uploads/2017/12/product-about-04-100x100.jpg 100w" sizes="(max-width: 600px) 100vw, 600px" />															</div>
				</div>
					</div>
		</div>
							</div>
		</section>
				<section class="elementor-section elementor-inner-section elementor-element elementor-element-e378bab elementor-section-content-middle elementor-reverse-mobile elementor-section-boxed elementor-section-height-default elementor-section-height-default" data-id="e378bab" data-element_type="section">
						<div class="elementor-container elementor-column-gap-no">
					<div class="elementor-column elementor-col-50 elementor-inner-column elementor-element elementor-element-a725b66" data-id="a725b66" data-element_type="column" data-settings="{&quot;background_background&quot;:&quot;classic&quot;}">
			<div class="elementor-widget-wrap elementor-element-populated">
								<div class="elementor-element elementor-element-3b9aa8f elementor-widget elementor-widget-spacer" data-id="3b9aa8f" data-element_type="widget" data-widget_type="spacer.default">
				<div class="elementor-widget-container">
					<div class="elementor-spacer">
			<div class="elementor-spacer-inner"></div>
		</div>
				</div>
				</div>
					</div>
		</div>
				<div class="elementor-column elementor-col-50 elementor-inner-column elementor-element elementor-element-6116f9f" data-id="6116f9f" data-element_type="column" data-settings="{&quot;background_background&quot;:&quot;classic&quot;}">
			<div class="elementor-widget-wrap elementor-element-populated">
								<div class="elementor-element elementor-element-36e41ad elementor-widget elementor-widget-heading" data-id="36e41ad" data-element_type="widget" data-widget_type="heading.default">
				<div class="elementor-widget-container">
			<h5 class="elementor-heading-title elementor-size-default">Ut enim ad minim</h5>		</div>
				</div>
				<div class="elementor-element elementor-element-a59bb1e elementor-widget elementor-widget-text-editor" data-id="a59bb1e" data-element_type="widget" data-widget_type="text-editor.default">
				<div class="elementor-widget-container">
							<p>Lorem ipsum dolor sit amet, consectetur adipisicing elit, sed do eiusmod tempor incididunt.</p>						</div>
				</div>
				<div class="elementor-element elementor-element-5235618 elementor-widget elementor-widget-heading" data-id="5235618" data-element_type="widget" data-widget_type="heading.default">
				<div class="elementor-widget-container">
			<h5 class="elementor-heading-title elementor-size-default">Quis nostrud</h5>		</div>
				</div>
				<div class="elementor-element elementor-element-8361d4e elementor-widget elementor-widget-text-editor" data-id="8361d4e" data-element_type="widget" data-widget_type="text-editor.default">
				<div class="elementor-widget-container">
							<p>Sed do eiusmod tempor incididunt ut labore.</p>						</div>
				</div>
				<div class="elementor-element elementor-element-6abca37 elementor-widget elementor-widget-heading" data-id="6abca37" data-element_type="widget" data-widget_type="heading.default">
				<div class="elementor-widget-container">
			<h5 class="elementor-heading-title elementor-size-default">Duis aute irure</h5>		</div>
				</div>
				<div class="elementor-element elementor-element-cab58c4 elementor-widget elementor-widget-text-editor" data-id="cab58c4" data-element_type="widget" data-widget_type="text-editor.default">
				<div class="elementor-widget-container">
							<p>Dolor sit amet, consectetur adipisicing elit, sed do eiusmod tempor incididunt ut labore.</p>						</div>
				</div>
					</div>
		</div>
							</div>
		</section>
				<section class="elementor-section elementor-inner-section elementor-element elementor-element-d8e3bef elementor-section-content-middle elementor-section-boxed elementor-section-height-default elementor-section-height-default" data-id="d8e3bef" data-element_type="section">
						<div class="elementor-container elementor-column-gap-no">
					<div class="elementor-column elementor-col-50 elementor-inner-column elementor-element elementor-element-0154e82" data-id="0154e82" data-element_type="column" data-settings="{&quot;background_background&quot;:&quot;classic&quot;}">
			<div class="elementor-widget-wrap elementor-element-populated">
								<div class="elementor-element elementor-element-e3a9367 elementor-widget elementor-widget-heading" data-id="e3a9367" data-element_type="widget" data-widget_type="heading.default">
				<div class="elementor-widget-container">
			<h4 class="elementor-heading-title elementor-size-default">More about the product</h4>		</div>
				</div>
				<div class="elementor-element elementor-element-7533532 elementor-widget elementor-widget-text-editor" data-id="7533532" data-element_type="widget" data-widget_type="text-editor.default">
				<div class="elementor-widget-container">
							<p>Lorem ipsum dolor sit amet, consectetur adipisicing elit, sed do eiusmod tempor incididunt ut labore et dolore magna aliqua. Ut enim ad minim veniam, quis nostrud exercitation ullamco laboris nisi ut aliquip ex ea commodo consequat. Duis aute irure dolor in.</p>						</div>
				</div>
					</div>
		</div>
				<div class="elementor-column elementor-col-50 elementor-inner-column elementor-element elementor-element-8975b8a" data-id="8975b8a" data-element_type="column" data-settings="{&quot;background_background&quot;:&quot;classic&quot;}">
			<div class="elementor-widget-wrap elementor-element-populated">
								<div class="elementor-element elementor-element-de63531 elementor-widget elementor-widget-spacer" data-id="de63531" data-element_type="widget" data-widget_type="spacer.default">
				<div class="elementor-widget-container">
					<div class="elementor-spacer">
			<div class="elementor-spacer-inner"></div>
		</div>
				</div>
				</div>
					</div>
		</div>
							</div>
		</section>
					</div>
		</div>
							</div>
		</section>
							</div>
		]]></content:encoded>
					
					<wfw:commentRss>./../../../prodotto/dark-brown-jeans/feed/index.html</wfw:commentRss>
			<slash:comments>0</slash:comments>
		
		
			</item>
	</channel>
</rss>
